{
    "total_samples": 400,
    "true_0": 0,
    "llm_0": 2,
    "performance": {
        "tp": 503,
        "fp": 332,
        "fn": 195,
        "precision": 60.23952095808383,
        "recall": 72.06303724928367,
        "f1": 65.62296151337246
    },
    "relaxed_performance": {
        "tp": 610,
        "fp": 239,
        "fn": 88,
        "precision": 71.849234393404,
        "recall": 87.39255014326648,
        "f1": 78.86231415643181
    }
}