{
    "total_samples": 400,
    "true_0": 0,
    "llm_0": 7,
    "performance": {
        "tp": 517,
        "fp": 361,
        "fn": 181,
        "precision": 58.88382687927107,
        "recall": 74.06876790830945,
        "f1": 65.60913705583756
    },
    "relaxed_performance": {
        "tp": 609,
        "fp": 281,
        "fn": 89,
        "precision": 68.42696629213484,
        "recall": 87.24928366762178,
        "f1": 76.70025188916878
    }
}