{
    "total_samples": 400,
    "true_0": 0,
    "llm_0": 14,
    "performance": {
        "tp": 500,
        "fp": 324,
        "fn": 198,
        "precision": 60.679611650485434,
        "recall": 71.63323782234957,
        "f1": 65.7030223390276
    },
    "relaxed_performance": {
        "tp": 582,
        "fp": 252,
        "fn": 116,
        "precision": 69.7841726618705,
        "recall": 83.3810888252149,
        "f1": 75.97911227154049
    }
}