{
    "total_samples": 400,
    "true_0": 0,
    "llm_0": 12,
    "performance": {
        "tp": 508,
        "fp": 318,
        "fn": 190,
        "precision": 61.50121065375303,
        "recall": 72.77936962750717,
        "f1": 66.66666666666667
    },
    "relaxed_performance": {
        "tp": 605,
        "fp": 233,
        "fn": 93,
        "precision": 72.19570405727923,
        "recall": 86.67621776504298,
        "f1": 78.77604166666666
    }
}