{
    "total_samples": 400,
    "true_0": 0,
    "llm_0": 12,
    "performance": {
        "tp": 510,
        "fp": 331,
        "fn": 188,
        "precision": 60.642092746730086,
        "recall": 73.06590257879657,
        "f1": 66.27680311890838
    },
    "relaxed_performance": {
        "tp": 599,
        "fp": 253,
        "fn": 99,
        "precision": 70.30516431924883,
        "recall": 85.81661891117479,
        "f1": 77.29032258064517
    }
}