{
    "total_samples": 400,
    "true_0": 0,
    "llm_0": 24,
    "performance": {
        "tp": 432,
        "fp": 454,
        "fn": 266,
        "precision": 48.75846501128668,
        "recall": 61.891117478510026,
        "f1": 54.54545454545455
    },
    "relaxed_performance": {
        "tp": 576,
        "fp": 322,
        "fn": 122,
        "precision": 64.14253897550111,
        "recall": 82.52148997134671,
        "f1": 72.18045112781955
    }
}