{
    "total_samples": 400,
    "true_0": 0,
    "llm_0": 17,
    "performance": {
        "tp": 475,
        "fp": 339,
        "fn": 223,
        "precision": 58.353808353808354,
        "recall": 68.0515759312321,
        "f1": 62.83068783068783
    },
    "relaxed_performance": {
        "tp": 585,
        "fp": 239,
        "fn": 113,
        "precision": 70.99514563106796,
        "recall": 83.810888252149,
        "f1": 76.87253613666228
    }
}