{
    "total_samples": 400,
    "true_0": 0,
    "llm_0": 10,
    "performance": {
        "tp": 512,
        "fp": 311,
        "fn": 186,
        "precision": 62.21142162818955,
        "recall": 73.35243553008596,
        "f1": 67.3241288625904
    },
    "relaxed_performance": {
        "tp": 603,
        "fp": 232,
        "fn": 95,
        "precision": 72.21556886227545,
        "recall": 86.38968481375358,
        "f1": 78.66927592954991
    }
}