{
    "total_samples": 400,
    "true_0": 0,
    "llm_0": 20,
    "performance": {
        "tp": 444,
        "fp": 379,
        "fn": 254,
        "precision": 53.94896719319563,
        "recall": 63.61031518624642,
        "f1": 58.38264299802762
    },
    "relaxed_performance": {
        "tp": 574,
        "fp": 259,
        "fn": 124,
        "precision": 68.90756302521008,
        "recall": 82.23495702005731,
        "f1": 74.98367080339648
    }
}