{
    "total_samples": 400,
    "true_0": 0,
    "llm_0": 23,
    "performance": {
        "tp": 450,
        "fp": 391,
        "fn": 248,
        "precision": 53.5077288941736,
        "recall": 64.46991404011462,
        "f1": 58.4795321637427
    },
    "relaxed_performance": {
        "tp": 577,
        "fp": 274,
        "fn": 121,
        "precision": 67.80258519388954,
        "recall": 82.6647564469914,
        "f1": 74.49967721110394
    }
}