{
    "total_samples": 400,
    "true_0": 0,
    "llm_0": 14,
    "performance": {
        "tp": 496,
        "fp": 337,
        "fn": 202,
        "precision": 59.5438175270108,
        "recall": 71.06017191977077,
        "f1": 64.79425212279556
    },
    "relaxed_performance": {
        "tp": 593,
        "fp": 248,
        "fn": 105,
        "precision": 70.51129607609988,
        "recall": 84.9570200573066,
        "f1": 77.06302794022093
    }
}