{
    "total_samples": 400,
    "true_0": 0,
    "llm_0": 16,
    "performance": {
        "tp": 491,
        "fp": 325,
        "fn": 207,
        "precision": 60.17156862745098,
        "recall": 70.34383954154728,
        "f1": 64.86129458388376
    },
    "relaxed_performance": {
        "tp": 578,
        "fp": 250,
        "fn": 120,
        "precision": 69.80676328502416,
        "recall": 82.8080229226361,
        "f1": 75.75360419397117
    }
}