{
    "total_samples": 400,
    "true_0": 0,
    "llm_0": 37,
    "performance": {
        "tp": 293,
        "fp": 590,
        "fn": 405,
        "precision": 33.182332955832386,
        "recall": 41.977077363896846,
        "f1": 37.0651486401012
    },
    "relaxed_performance": {
        "tp": 551,
        "fp": 355,
        "fn": 147,
        "precision": 60.81677704194261,
        "recall": 78.93982808022923,
        "f1": 68.70324189526185
    }
}