{
    "total_samples": 400,
    "true_0": 0,
    "llm_0": 36,
    "performance": {
        "tp": 322,
        "fp": 623,
        "fn": 376,
        "precision": 34.074074074074076,
        "recall": 46.13180515759312,
        "f1": 39.19659160073037
    },
    "relaxed_performance": {
        "tp": 548,
        "fp": 417,
        "fn": 150,
        "precision": 56.78756476683938,
        "recall": 78.51002865329512,
        "f1": 65.90499098015634
    }
}