{
    "total_samples": 400,
    "true_0": 0,
    "llm_0": 26,
    "performance": {
        "tp": 297,
        "fp": 587,
        "fn": 401,
        "precision": 33.5972850678733,
        "recall": 42.550143266475644,
        "f1": 37.54740834386852
    },
    "relaxed_performance": {
        "tp": 568,
        "fp": 340,
        "fn": 130,
        "precision": 62.55506607929515,
        "recall": 81.37535816618912,
        "f1": 70.73474470734745
    }
}