{
    "total_samples": 400,
    "true_0": 0,
    "llm_0": 30,
    "performance": {
        "tp": 284,
        "fp": 789,
        "fn": 414,
        "precision": 26.46784715750233,
        "recall": 40.68767908309456,
        "f1": 32.07227555053642
    },
    "relaxed_performance": {
        "tp": 569,
        "fp": 528,
        "fn": 129,
        "precision": 51.86873290793072,
        "recall": 81.51862464183381,
        "f1": 63.3983286908078
    }
}