{
    "total_samples": 400,
    "true_0": 0,
    "llm_0": 42,
    "performance": {
        "tp": 330,
        "fp": 510,
        "fn": 368,
        "precision": 39.285714285714285,
        "recall": 47.277936962750715,
        "f1": 42.91287386215865
    },
    "relaxed_performance": {
        "tp": 545,
        "fp": 313,
        "fn": 153,
        "precision": 63.51981351981352,
        "recall": 78.08022922636103,
        "f1": 70.05141388174806
    }
}