{
    "total_samples": 400,
    "true_0": 0,
    "llm_0": 10,
    "performance": {
        "tp": 514,
        "fp": 318,
        "fn": 184,
        "precision": 61.77884615384615,
        "recall": 73.63896848137536,
        "f1": 67.18954248366013
    },
    "relaxed_performance": {
        "tp": 604,
        "fp": 240,
        "fn": 94,
        "precision": 71.56398104265404,
        "recall": 86.53295128939828,
        "f1": 78.33981841763944
    }
}