{
    "total_samples": 400,
    "true_0": 0,
    "llm_0": 10,
    "performance": {
        "tp": 513,
        "fp": 319,
        "fn": 185,
        "precision": 61.65865384615385,
        "recall": 73.49570200573066,
        "f1": 67.05882352941177
    },
    "relaxed_performance": {
        "tp": 604,
        "fp": 240,
        "fn": 94,
        "precision": 71.56398104265404,
        "recall": 86.53295128939828,
        "f1": 78.33981841763944
    }
}