{
    "total_samples": 400,
    "true_0": 0,
    "llm_0": 10,
    "performance": {
        "tp": 512,
        "fp": 323,
        "fn": 186,
        "precision": 61.31736526946108,
        "recall": 73.35243553008596,
        "f1": 66.79712981082844
    },
    "relaxed_performance": {
        "tp": 603,
        "fp": 244,
        "fn": 95,
        "precision": 71.19244391971665,
        "recall": 86.38968481375358,
        "f1": 78.05825242718447
    }
}