{
    "total_samples": 400,
    "true_0": 0,
    "llm_0": 10,
    "performance": {
        "tp": 512,
        "fp": 312,
        "fn": 186,
        "precision": 62.13592233009709,
        "recall": 73.35243553008596,
        "f1": 67.27989487516426
    },
    "relaxed_performance": {
        "tp": 603,
        "fp": 233,
        "fn": 95,
        "precision": 72.12918660287082,
        "recall": 86.38968481375358,
        "f1": 78.6179921773142
    }
}