{
    "total_samples": 400,
    "true_0": 0,
    "llm_0": 10,
    "performance": {
        "tp": 511,
        "fp": 314,
        "fn": 187,
        "precision": 61.93939393939394,
        "recall": 73.20916905444126,
        "f1": 67.10439921208143
    },
    "relaxed_performance": {
        "tp": 603,
        "fp": 234,
        "fn": 95,
        "precision": 72.04301075268818,
        "recall": 86.38968481375358,
        "f1": 78.56677524429968
    }
}