{
    "total_samples": 600,
    "true_0": 0,
    "llm_0": 39,
    "performance": {
        "tp": 1366,
        "fp": 691,
        "fn": 492,
        "precision": 66.40738940204182,
        "recall": 73.51991388589882,
        "f1": 69.78288633461048
    },
    "relaxed_performance": {
        "tp": 1598,
        "fp": 610,
        "fn": 260,
        "precision": 72.3731884057971,
        "recall": 86.0064585575888,
        "f1": 78.60304968027545
    }
}