{
    "total_samples": 600,
    "true_0": 0,
    "llm_0": 9,
    "performance": {
        "tp": 1279,
        "fp": 723,
        "fn": 579,
        "precision": 63.88611388611388,
        "recall": 68.83745963401508,
        "f1": 66.26943005181347
    },
    "relaxed_performance": {
        "tp": 1568,
        "fp": 586,
        "fn": 290,
        "precision": 72.79480037140205,
        "recall": 84.39181916038751,
        "f1": 78.1655034895314
    }
}