{
    "total_samples": 600,
    "true_0": 0,
    "llm_0": 47,
    "performance": {
        "tp": 1344,
        "fp": 628,
        "fn": 514,
        "precision": 68.15415821501014,
        "recall": 72.33584499461787,
        "f1": 70.1827676240209
    },
    "relaxed_performance": {
        "tp": 1567,
        "fp": 554,
        "fn": 291,
        "precision": 73.88024516737389,
        "recall": 84.33799784714748,
        "f1": 78.76350841920082
    }
}