{
    "total_samples": 600,
    "true_0": 0,
    "llm_0": 48,
    "performance": {
        "tp": 1356,
        "fp": 685,
        "fn": 502,
        "precision": 66.43802057814797,
        "recall": 72.98170075349839,
        "f1": 69.55629648627854
    },
    "relaxed_performance": {
        "tp": 1575,
        "fp": 611,
        "fn": 283,
        "precision": 72.04940530649588,
        "recall": 84.76856835306782,
        "f1": 77.89317507418399
    }
}