{
    "total_samples": 600,
    "true_0": 0,
    "llm_0": 40,
    "performance": {
        "tp": 1350,
        "fp": 639,
        "fn": 508,
        "precision": 67.87330316742081,
        "recall": 72.65877287405813,
        "f1": 70.18455939693268
    },
    "relaxed_performance": {
        "tp": 1565,
        "fp": 569,
        "fn": 293,
        "precision": 73.33645735707591,
        "recall": 84.23035522066739,
        "f1": 78.40681362725452
    }
}