{
    "total_samples": 600,
    "true_0": 0,
    "llm_0": 34,
    "performance": {
        "tp": 1344,
        "fp": 606,
        "fn": 514,
        "precision": 68.92307692307692,
        "recall": 72.33584499461787,
        "f1": 70.58823529411765
    },
    "relaxed_performance": {
        "tp": 1572,
        "fp": 528,
        "fn": 286,
        "precision": 74.85714285714286,
        "recall": 84.60710441334768,
        "f1": 79.43405760485093
    }
}