{
    "total_samples": 600,
    "true_0": 0,
    "llm_0": 20,
    "performance": {
        "tp": 1277,
        "fp": 720,
        "fn": 581,
        "precision": 63.94591887831748,
        "recall": 68.72981700753499,
        "f1": 66.25162127107652
    },
    "relaxed_performance": {
        "tp": 1524,
        "fp": 615,
        "fn": 334,
        "precision": 71.24824684431978,
        "recall": 82.02368137782562,
        "f1": 76.25719289467101
    }
}