{
    "total_samples": 600,
    "true_0": 0,
    "llm_0": 27,
    "performance": {
        "tp": 1257,
        "fp": 704,
        "fn": 601,
        "precision": 64.09994900560939,
        "recall": 67.65339074273412,
        "f1": 65.82875098193244
    },
    "relaxed_performance": {
        "tp": 1529,
        "fp": 573,
        "fn": 329,
        "precision": 72.74024738344434,
        "recall": 82.29278794402583,
        "f1": 77.22222222222221
    }
}