{
    "total_samples": 600,
    "true_0": 0,
    "llm_0": 41,
    "performance": {
        "tp": 1355,
        "fp": 572,
        "fn": 503,
        "precision": 70.31655422937209,
        "recall": 72.92787944025834,
        "f1": 71.59841479524438
    },
    "relaxed_performance": {
        "tp": 1583,
        "fp": 496,
        "fn": 275,
        "precision": 76.14237614237614,
        "recall": 85.19913885898816,
        "f1": 80.41656083312165
    }
}