{
    "total_samples": 600,
    "true_0": 0,
    "llm_0": 43,
    "performance": {
        "tp": 1347,
        "fp": 637,
        "fn": 511,
        "precision": 67.89314516129032,
        "recall": 72.497308934338,
        "f1": 70.11972930765226
    },
    "relaxed_performance": {
        "tp": 1572,
        "fp": 561,
        "fn": 286,
        "precision": 73.69901547116737,
        "recall": 84.60710441334768,
        "f1": 78.77724880982211
    }
}