{
    "total_samples": 600,
    "true_0": 0,
    "llm_0": 39,
    "performance": {
        "tp": 1312,
        "fp": 604,
        "fn": 546,
        "precision": 68.47599164926932,
        "recall": 70.61356297093648,
        "f1": 69.52835188129306
    },
    "relaxed_performance": {
        "tp": 1531,
        "fp": 533,
        "fn": 327,
        "precision": 74.17635658914729,
        "recall": 82.40043057050592,
        "f1": 78.07241203467619
    }
}