{
    "total_samples": 600,
    "true_0": 0,
    "llm_0": 4,
    "performance": {
        "tp": 1200,
        "fp": 1035,
        "fn": 658,
        "precision": 53.691275167785236,
        "recall": 64.58557588805166,
        "f1": 58.63669679941363
    },
    "relaxed_performance": {
        "tp": 1494,
        "fp": 872,
        "fn": 364,
        "precision": 63.14454775993237,
        "recall": 80.40904198062432,
        "f1": 70.73863636363636
    }
}