{
    "total_samples": 600,
    "true_0": 0,
    "llm_0": 16,
    "performance": {
        "tp": 1038,
        "fp": 731,
        "fn": 820,
        "precision": 58.677218767665345,
        "recall": 55.86652314316469,
        "f1": 57.237386269644325
    },
    "relaxed_performance": {
        "tp": 1325,
        "fp": 584,
        "fn": 533,
        "precision": 69.40806705081194,
        "recall": 71.31324004305705,
        "f1": 70.34775683567827
    }
}