{
    "total_samples": 600,
    "true_0": 0,
    "llm_0": 9,
    "performance": {
        "tp": 1206,
        "fp": 786,
        "fn": 652,
        "precision": 60.54216867469879,
        "recall": 64.90850376749192,
        "f1": 62.649350649350644
    },
    "relaxed_performance": {
        "tp": 1468,
        "fp": 664,
        "fn": 390,
        "precision": 68.85553470919325,
        "recall": 79.00968783638321,
        "f1": 73.58395989974939
    }
}