{
    "total_samples": 600,
    "true_0": 0,
    "llm_0": 14,
    "performance": {
        "tp": 1041,
        "fp": 734,
        "fn": 817,
        "precision": 58.647887323943664,
        "recall": 56.02798708288482,
        "f1": 57.30800990916598
    },
    "relaxed_performance": {
        "tp": 1325,
        "fp": 596,
        "fn": 533,
        "precision": 68.974492451848,
        "recall": 71.31324004305705,
        "f1": 70.12437152685897
    }
}