{
    "total_samples": 600,
    "true_0": 0,
    "llm_0": 12,
    "performance": {
        "tp": 1056,
        "fp": 773,
        "fn": 802,
        "precision": 57.736468015308915,
        "recall": 56.83530678148547,
        "f1": 57.28234336859236
    },
    "relaxed_performance": {
        "tp": 1343,
        "fp": 632,
        "fn": 515,
        "precision": 68.0,
        "recall": 72.28202368137782,
        "f1": 70.07565875293503
    }
}