{
    "total_samples": 600,
    "true_0": 0,
    "llm_0": 18,
    "performance": {
        "tp": 1395,
        "fp": 549,
        "fn": 463,
        "precision": 71.75925925925925,
        "recall": 75.08073196986007,
        "f1": 73.38243029984217
    },
    "relaxed_performance": {
        "tp": 1612,
        "fp": 482,
        "fn": 246,
        "precision": 76.981852913085,
        "recall": 86.7599569429494,
        "f1": 81.57894736842104
    }
}