{
    "total_samples": 600,
    "true_0": 0,
    "llm_0": 36,
    "performance": {
        "tp": 1367,
        "fp": 551,
        "fn": 491,
        "precision": 71.27215849843587,
        "recall": 73.57373519913885,
        "f1": 72.40466101694915
    },
    "relaxed_performance": {
        "tp": 1586,
        "fp": 482,
        "fn": 272,
        "precision": 76.69245647969052,
        "recall": 85.36060279870829,
        "f1": 80.79470198675497
    }
}