{
    "total_samples": 600,
    "true_0": 0,
    "llm_0": 53,
    "performance": {
        "tp": 1352,
        "fp": 539,
        "fn": 506,
        "precision": 71.49656266525648,
        "recall": 72.76641550053822,
        "f1": 72.12590024006401
    },
    "relaxed_performance": {
        "tp": 1569,
        "fp": 472,
        "fn": 289,
        "precision": 76.87408133268006,
        "recall": 84.44564047362756,
        "f1": 80.4821749166453
    }
}