{
    "total_samples": 600,
    "true_0": 0,
    "llm_0": 53,
    "performance": {
        "tp": 1353,
        "fp": 568,
        "fn": 505,
        "precision": 70.43206663196251,
        "recall": 72.82023681377825,
        "f1": 71.60624503836993
    },
    "relaxed_performance": {
        "tp": 1569,
        "fp": 502,
        "fn": 289,
        "precision": 75.76050217286335,
        "recall": 84.44564047362756,
        "f1": 79.86765080173073
    }
}