{
    "total_samples": 600,
    "true_0": 0,
    "llm_0": 33,
    "performance": {
        "tp": 1369,
        "fp": 557,
        "fn": 489,
        "precision": 71.07995846313604,
        "recall": 73.68137782561894,
        "f1": 72.35729386892177
    },
    "relaxed_performance": {
        "tp": 1590,
        "fp": 486,
        "fn": 268,
        "precision": 76.58959537572254,
        "recall": 85.57588805166846,
        "f1": 80.83375699034062
    }
}