{
    "total_samples": 600,
    "true_0": 0,
    "llm_0": 32,
    "performance": {
        "tp": 1375,
        "fp": 555,
        "fn": 483,
        "precision": 71.24352331606218,
        "recall": 74.00430570505921,
        "f1": 72.59767687434002
    },
    "relaxed_performance": {
        "tp": 1596,
        "fp": 484,
        "fn": 262,
        "precision": 76.73076923076923,
        "recall": 85.89881593110871,
        "f1": 81.05637379380396
    }
}