{
    "total_samples": 543,
    "true_0": 0,
    "llm_0": 0,
    "performance": {
        "tp": 2375,
        "fp": 777,
        "fn": 675,
        "precision": 75.3489847715736,
        "recall": 77.8688524590164,
        "f1": 76.58819735569172
    },
    "relaxed_performance": {
        "tp": 2519,
        "fp": 709,
        "fn": 531,
        "precision": 78.03593556381661,
        "recall": 82.59016393442623,
        "f1": 80.24848677922905
    }
}