{
    "total_samples": 543,
    "true_0": 0,
    "llm_0": 0,
    "performance": {
        "tp": 2204,
        "fp": 685,
        "fn": 846,
        "precision": 76.28937348563517,
        "recall": 72.26229508196721,
        "f1": 74.22124936858056
    },
    "relaxed_performance": {
        "tp": 2421,
        "fp": 575,
        "fn": 629,
        "precision": 80.80774365821095,
        "recall": 79.37704918032787,
        "f1": 80.08600727753887
    }
}