{
    "total_samples": 543,
    "true_0": 0,
    "llm_0": 0,
    "performance": {
        "tp": 2227,
        "fp": 845,
        "fn": 823,
        "precision": 72.49348958333333,
        "recall": 73.01639344262296,
        "f1": 72.75400196014374
    },
    "relaxed_performance": {
        "tp": 2376,
        "fp": 769,
        "fn": 674,
        "precision": 75.54848966613673,
        "recall": 77.90163934426229,
        "f1": 76.70702179176754
    }
}