{
    "total_samples": 543,
    "true_0": 0,
    "llm_0": 0,
    "performance": {
        "tp": 2350,
        "fp": 764,
        "fn": 700,
        "precision": 75.46563904945408,
        "recall": 77.04918032786885,
        "f1": 76.24918883841661
    },
    "relaxed_performance": {
        "tp": 2506,
        "fp": 683,
        "fn": 544,
        "precision": 78.58262778300407,
        "recall": 82.1639344262295,
        "f1": 80.33338676069883
    }
}