{
    "total_samples": 543,
    "true_0": 0,
    "llm_0": 0,
    "performance": {
        "tp": 2222,
        "fp": 593,
        "fn": 828,
        "precision": 78.93428063943162,
        "recall": 72.85245901639344,
        "f1": 75.77152600170504
    },
    "relaxed_performance": {
        "tp": 2361,
        "fp": 524,
        "fn": 689,
        "precision": 81.83708838821491,
        "recall": 77.40983606557377,
        "f1": 79.5619208087616
    }
}