{
    "total_samples": 543,
    "true_0": 0,
    "llm_0": 0,
    "performance": {
        "tp": 2339,
        "fp": 675,
        "fn": 711,
        "precision": 77.60451227604513,
        "recall": 76.68852459016394,
        "f1": 77.14379947229553
    },
    "relaxed_performance": {
        "tp": 2496,
        "fp": 593,
        "fn": 554,
        "precision": 80.80284881838783,
        "recall": 81.8360655737705,
        "f1": 81.31617527284575
    }
}