{
    "total_samples": 543,
    "true_0": 0,
    "llm_0": 0,
    "performance": {
        "tp": 2321,
        "fp": 755,
        "fn": 729,
        "precision": 75.45513654096229,
        "recall": 76.09836065573771,
        "f1": 75.77538361083904
    },
    "relaxed_performance": {
        "tp": 2473,
        "fp": 677,
        "fn": 577,
        "precision": 78.5079365079365,
        "recall": 81.08196721311475,
        "f1": 79.7741935483871
    }
}