{
    "total_samples": 543,
    "true_0": 0,
    "llm_0": 0,
    "performance": {
        "tp": 2348,
        "fp": 800,
        "fn": 702,
        "precision": 74.58703939008895,
        "recall": 76.98360655737704,
        "f1": 75.76637625040335
    },
    "relaxed_performance": {
        "tp": 2502,
        "fp": 719,
        "fn": 548,
        "precision": 77.6777398323502,
        "recall": 82.0327868852459,
        "f1": 79.79588582363259
    }
}