{
    "total_samples": 543,
    "true_0": 0,
    "llm_0": 0,
    "performance": {
        "tp": 2189,
        "fp": 764,
        "fn": 861,
        "precision": 74.12800541821876,
        "recall": 71.77049180327869,
        "f1": 72.93020156588373
    },
    "relaxed_performance": {
        "tp": 2331,
        "fp": 695,
        "fn": 719,
        "precision": 77.0323859881031,
        "recall": 76.42622950819673,
        "f1": 76.72811059907833
    }
}