{
    "total_samples": 542,
    "true_0": 0,
    "llm_0": 0,
    "performance": {
        "tp": 2344,
        "fp": 695,
        "fn": 699,
        "precision": 77.13063507732807,
        "recall": 77.02924745317121,
        "f1": 77.07990792502467
    },
    "relaxed_performance": {
        "tp": 2500,
        "fp": 617,
        "fn": 543,
        "precision": 80.20532563362207,
        "recall": 82.15576733486691,
        "f1": 81.16883116883118
    }
}