{
    "total_samples": 543,
    "true_0": 0,
    "llm_0": 0,
    "performance": {
        "tp": 2326,
        "fp": 663,
        "fn": 724,
        "precision": 77.81866845098695,
        "recall": 76.26229508196721,
        "f1": 77.03262129491637
    },
    "relaxed_performance": {
        "tp": 2469,
        "fp": 596,
        "fn": 581,
        "precision": 80.55464926590538,
        "recall": 80.95081967213115,
        "f1": 80.7522485690924
    }
}