{
    "total_samples": 542,
    "true_0": 0,
    "llm_0": 3,
    "performance": {
        "tp": 2058,
        "fp": 619,
        "fn": 985,
        "precision": 76.87710123272319,
        "recall": 67.63062767006244,
        "f1": 71.95804195804196
    },
    "relaxed_performance": {
        "tp": 2201,
        "fp": 547,
        "fn": 842,
        "precision": 80.09461426491994,
        "recall": 72.32993756161683,
        "f1": 76.01450526679331
    }
}