{
    "total_samples": 543,
    "true_0": 0,
    "llm_0": 21,
    "performance": {
        "tp": 1883,
        "fp": 712,
        "fn": 1167,
        "precision": 72.5626204238921,
        "recall": 61.73770491803279,
        "f1": 66.71390611160318
    },
    "relaxed_performance": {
        "tp": 2042,
        "fp": 634,
        "fn": 1008,
        "precision": 76.30792227204783,
        "recall": 66.95081967213115,
        "f1": 71.32378623821167
    }
}