{
    "total_samples": 543,
    "true_0": 0,
    "llm_0": 21,
    "performance": {
        "tp": 1873,
        "fp": 663,
        "fn": 1177,
        "precision": 73.85646687697161,
        "recall": 61.40983606557377,
        "f1": 67.06050841389187
    },
    "relaxed_performance": {
        "tp": 2027,
        "fp": 590,
        "fn": 1023,
        "precision": 77.45510126098586,
        "recall": 66.45901639344262,
        "f1": 71.53696841362273
    }
}