{
    "total_samples": 543,
    "true_0": 0,
    "llm_0": 9,
    "performance": {
        "tp": 2056,
        "fp": 564,
        "fn": 994,
        "precision": 78.47328244274809,
        "recall": 67.40983606557377,
        "f1": 72.52204585537919
    },
    "relaxed_performance": {
        "tp": 2185,
        "fp": 507,
        "fn": 865,
        "precision": 81.16641901931649,
        "recall": 71.63934426229508,
        "f1": 76.10588645071404
    }
}