{
    "total_samples": 543,
    "true_0": 0,
    "llm_0": 11,
    "performance": {
        "tp": 1983,
        "fp": 627,
        "fn": 1067,
        "precision": 75.97701149425288,
        "recall": 65.01639344262296,
        "f1": 70.07067137809187
    },
    "relaxed_performance": {
        "tp": 2118,
        "fp": 566,
        "fn": 932,
        "precision": 78.91207153502235,
        "recall": 69.44262295081967,
        "f1": 73.87513079874434
    }
}