{
    "total_samples": 543,
    "true_0": 0,
    "llm_0": 0,
    "performance": {
        "tp": 2381,
        "fp": 709,
        "fn": 669,
        "precision": 77.05501618122977,
        "recall": 78.06557377049181,
        "f1": 77.557003257329
    },
    "relaxed_performance": {
        "tp": 2525,
        "fp": 639,
        "fn": 525,
        "precision": 79.80404551201012,
        "recall": 82.78688524590164,
        "f1": 81.26810428065659
    }
}