{
    "total_samples": 543,
    "true_0": 0,
    "llm_0": 0,
    "performance": {
        "tp": 2377,
        "fp": 707,
        "fn": 673,
        "precision": 77.07522697795072,
        "recall": 77.93442622950819,
        "f1": 77.50244538637104
    },
    "relaxed_performance": {
        "tp": 2527,
        "fp": 634,
        "fn": 523,
        "precision": 79.9430559949383,
        "recall": 82.85245901639344,
        "f1": 81.37175978103365
    }
}