{
    "total_samples": 543,
    "true_0": 0,
    "llm_0": 0,
    "performance": {
        "tp": 2379,
        "fp": 700,
        "fn": 671,
        "precision": 77.26534589152322,
        "recall": 78.0,
        "f1": 77.63093489965736
    },
    "relaxed_performance": {
        "tp": 2522,
        "fp": 631,
        "fn": 528,
        "precision": 79.98731366952109,
        "recall": 82.68852459016394,
        "f1": 81.31549250362728
    }
}