{
    "total_samples": 543,
    "true_0": 0,
    "llm_0": 0,
    "performance": {
        "tp": 2380,
        "fp": 705,
        "fn": 670,
        "precision": 77.14748784440843,
        "recall": 78.0327868852459,
        "f1": 77.58761206193968
    },
    "relaxed_performance": {
        "tp": 2524,
        "fp": 635,
        "fn": 526,
        "precision": 79.89870212092434,
        "recall": 82.75409836065573,
        "f1": 81.30133676920599
    }
}