{
    "total_samples": 543,
    "true_0": 0,
    "llm_0": 0,
    "performance": {
        "tp": 2376,
        "fp": 708,
        "fn": 674,
        "precision": 77.04280155642023,
        "recall": 77.90163934426229,
        "f1": 77.46984023475709
    },
    "relaxed_performance": {
        "tp": 2525,
        "fp": 635,
        "fn": 525,
        "precision": 79.90506329113924,
        "recall": 82.78688524590164,
        "f1": 81.32045088566828
    }
}