{
    "total_samples": 543,
    "true_0": 0,
    "llm_0": 0,
    "performance": {
        "tp": 2382,
        "fp": 711,
        "fn": 668,
        "precision": 77.01260911736179,
        "recall": 78.09836065573771,
        "f1": 77.5516848445385
    },
    "relaxed_performance": {
        "tp": 2527,
        "fp": 640,
        "fn": 523,
        "precision": 79.79160088411746,
        "recall": 82.85245901639344,
        "f1": 81.2932282451343
    }
}