{
    "total_samples": 543,
    "true_0": 0,
    "llm_0": 0,
    "performance": {
        "tp": 2382,
        "fp": 708,
        "fn": 668,
        "precision": 77.0873786407767,
        "recall": 78.09836065573771,
        "f1": 77.58957654723127
    },
    "relaxed_performance": {
        "tp": 2525,
        "fp": 639,
        "fn": 525,
        "precision": 79.80404551201012,
        "recall": 82.78688524590164,
        "f1": 81.26810428065659
    }
}