{
    "total_samples": 415,
    "true_0": 0,
    "llm_0": 0,
    "performance": {
        "tp": 1433,
        "fp": 662,
        "fn": 784,
        "precision": 68.40095465393794,
        "recall": 64.63689670726207,
        "f1": 66.4656771799629
    },
    "relaxed_performance": {
        "tp": 1556,
        "fp": 578,
        "fn": 661,
        "precision": 72.91471415182755,
        "recall": 70.1849345963013,
        "f1": 71.52378763502642
    }
}