{
    "total_samples": 416,
    "true_0": 0,
    "llm_0": 0,
    "performance": {
        "tp": 1543,
        "fp": 689,
        "fn": 676,
        "precision": 69.13082437275986,
        "recall": 69.53582694907617,
        "f1": 69.3327342170299
    },
    "relaxed_performance": {
        "tp": 1650,
        "fp": 611,
        "fn": 569,
        "precision": 72.9765590446705,
        "recall": 74.3578188373141,
        "f1": 73.66071428571426
    }
}