{
    "total_samples": 416,
    "true_0": 0,
    "llm_0": 0,
    "performance": {
        "tp": 1504,
        "fp": 681,
        "fn": 715,
        "precision": 68.8329519450801,
        "recall": 67.77827850383055,
        "f1": 68.30154405086286
    },
    "relaxed_performance": {
        "tp": 1606,
        "fp": 603,
        "fn": 613,
        "precision": 72.70258035310096,
        "recall": 72.37494366831906,
        "f1": 72.53839205058719
    }
}