{
    "total_samples": 416,
    "true_0": 0,
    "llm_0": 0,
    "performance": {
        "tp": 1506,
        "fp": 586,
        "fn": 713,
        "precision": 71.98852772466539,
        "recall": 67.86840919333032,
        "f1": 69.86778009742518
    },
    "relaxed_performance": {
        "tp": 1610,
        "fp": 509,
        "fn": 609,
        "precision": 75.97923548843794,
        "recall": 72.55520504731861,
        "f1": 74.22775472568004
    }
}