{
    "total_samples": 416,
    "true_0": 0,
    "llm_0": 0,
    "performance": {
        "tp": 1434,
        "fp": 559,
        "fn": 785,
        "precision": 71.95183140993477,
        "recall": 64.62370437133843,
        "f1": 68.09116809116809
    },
    "relaxed_performance": {
        "tp": 1538,
        "fp": 483,
        "fn": 681,
        "precision": 76.10094012864919,
        "recall": 69.31050022532672,
        "f1": 72.54716981132076
    }
}