{
    "total_samples": 416,
    "true_0": 0,
    "llm_0": 0,
    "performance": {
        "tp": 1528,
        "fp": 587,
        "fn": 691,
        "precision": 72.24586288416076,
        "recall": 68.85984677782785,
        "f1": 70.51222888786342
    },
    "relaxed_performance": {
        "tp": 1639,
        "fp": 507,
        "fn": 580,
        "precision": 76.37465051258155,
        "recall": 73.86210004506535,
        "f1": 75.09736540664376
    }
}