{
    "total_samples": 416,
    "true_0": 0,
    "llm_0": 0,
    "performance": {
        "tp": 1499,
        "fp": 601,
        "fn": 720,
        "precision": 71.38095238095238,
        "recall": 67.55295178008112,
        "f1": 69.41421625376243
    },
    "relaxed_performance": {
        "tp": 1604,
        "fp": 525,
        "fn": 615,
        "precision": 75.34053546265852,
        "recall": 72.28481297881929,
        "f1": 73.78104875804968
    }
}