{
    "total_samples": 416,
    "true_0": 0,
    "llm_0": 0,
    "performance": {
        "tp": 1469,
        "fp": 820,
        "fn": 750,
        "precision": 64.17649628658803,
        "recall": 66.20099143758449,
        "f1": 65.17302573203196
    },
    "relaxed_performance": {
        "tp": 1574,
        "fp": 741,
        "fn": 645,
        "precision": 67.9913606911447,
        "recall": 70.93285263632266,
        "f1": 69.4309660344067
    }
}