{
    "total_samples": 416,
    "true_0": 0,
    "llm_0": 1,
    "performance": {
        "tp": 1514,
        "fp": 861,
        "fn": 705,
        "precision": 63.747368421052634,
        "recall": 68.22893195132943,
        "f1": 65.91205920766217
    },
    "relaxed_performance": {
        "tp": 1616,
        "fp": 784,
        "fn": 603,
        "precision": 67.33333333333333,
        "recall": 72.82559711581794,
        "f1": 69.97185537995236
    }
}