{
    "total_samples": 416,
    "true_0": 0,
    "llm_0": 0,
    "performance": {
        "tp": 1540,
        "fp": 640,
        "fn": 679,
        "precision": 70.64220183486239,
        "recall": 69.4006309148265,
        "f1": 70.0159127074335
    },
    "relaxed_performance": {
        "tp": 1646,
        "fp": 562,
        "fn": 573,
        "precision": 74.54710144927536,
        "recall": 74.17755745831455,
        "f1": 74.36187034108877
    }
}