{
    "total_samples": 416,
    "true_0": 0,
    "llm_0": 1,
    "performance": {
        "tp": 1367,
        "fp": 538,
        "fn": 852,
        "precision": 71.75853018372703,
        "recall": 61.60432627309599,
        "f1": 66.29485935984482
    },
    "relaxed_performance": {
        "tp": 1476,
        "fp": 464,
        "fn": 743,
        "precision": 76.08247422680412,
        "recall": 66.51644885083371,
        "f1": 70.97860062515028
    }
}