{
    "total_samples": 416,
    "true_0": 0,
    "llm_0": 1,
    "performance": {
        "tp": 1347,
        "fp": 510,
        "fn": 872,
        "precision": 72.53634894991923,
        "recall": 60.70301937809824,
        "f1": 66.09421000981355
    },
    "relaxed_performance": {
        "tp": 1445,
        "fp": 445,
        "fn": 774,
        "precision": 76.45502645502646,
        "recall": 65.1194231635872,
        "f1": 70.33341445607205
    }
}