{
    "total_samples": 416,
    "true_0": 0,
    "llm_0": 1,
    "performance": {
        "tp": 1326,
        "fp": 548,
        "fn": 893,
        "precision": 70.75773745997866,
        "recall": 59.75664713835061,
        "f1": 64.79354996335208
    },
    "relaxed_performance": {
        "tp": 1417,
        "fp": 486,
        "fn": 802,
        "precision": 74.4613767735155,
        "recall": 63.857593510590355,
        "f1": 68.75303250849102
    }
}