{
    "total_samples": 416,
    "true_0": 0,
    "llm_0": 5,
    "performance": {
        "tp": 1327,
        "fp": 460,
        "fn": 892,
        "precision": 74.25853385562395,
        "recall": 59.801712483100495,
        "f1": 66.25062406390414
    },
    "relaxed_performance": {
        "tp": 1431,
        "fp": 393,
        "fn": 788,
        "precision": 78.45394736842105,
        "recall": 64.48850833708877,
        "f1": 70.78901805589909
    }
}