{
    "total_samples": 415,
    "true_0": 0,
    "llm_0": 1,
    "performance": {
        "tp": 1340,
        "fp": 635,
        "fn": 877,
        "precision": 67.84810126582279,
        "recall": 60.44203879115923,
        "f1": 63.93129770992367
    },
    "relaxed_performance": {
        "tp": 1450,
        "fp": 560,
        "fn": 767,
        "precision": 72.13930348258707,
        "recall": 65.40369869192602,
        "f1": 68.60657676839367
    }
}