{
    "total_samples": 416,
    "true_0": 0,
    "llm_0": 0,
    "performance": {
        "tp": 1541,
        "fp": 636,
        "fn": 678,
        "precision": 70.78548461185117,
        "recall": 69.44569625957638,
        "f1": 70.10919017288444
    },
    "relaxed_performance": {
        "tp": 1657,
        "fp": 551,
        "fn": 562,
        "precision": 75.04528985507247,
        "recall": 74.67327625056332,
        "f1": 74.8588208719223
    }
}