{
    "total_samples": 416,
    "true_0": 0,
    "llm_0": 0,
    "performance": {
        "tp": 1535,
        "fp": 627,
        "fn": 684,
        "precision": 70.9990749306198,
        "recall": 69.17530419107706,
        "f1": 70.07532526820361
    },
    "relaxed_performance": {
        "tp": 1647,
        "fp": 544,
        "fn": 572,
        "precision": 75.17115472387037,
        "recall": 74.22262280306444,
        "f1": 74.6938775510204
    }
}