{
    "total_samples": 416,
    "true_0": 0,
    "llm_0": 0,
    "performance": {
        "tp": 1518,
        "fp": 635,
        "fn": 701,
        "precision": 70.50627032048304,
        "recall": 68.40919333032897,
        "f1": 69.44190301921317
    },
    "relaxed_performance": {
        "tp": 1641,
        "fp": 544,
        "fn": 578,
        "precision": 75.10297482837528,
        "recall": 73.95223073456512,
        "f1": 74.5231607629428
    }
}