{
    "total_samples": 416,
    "true_0": 0,
    "llm_0": 0,
    "performance": {
        "tp": 1525,
        "fp": 628,
        "fn": 694,
        "precision": 70.83139804923363,
        "recall": 68.7246507435782,
        "f1": 69.76212259835316
    },
    "relaxed_performance": {
        "tp": 1639,
        "fp": 545,
        "fn": 580,
        "precision": 75.04578754578755,
        "recall": 73.86210004506535,
        "f1": 74.4492391551215
    }
}