{
    "total_samples": 416,
    "true_0": 0,
    "llm_0": 0,
    "performance": {
        "tp": 1534,
        "fp": 630,
        "fn": 685,
        "precision": 70.88724584103512,
        "recall": 69.13023884632717,
        "f1": 69.9977184576774
    },
    "relaxed_performance": {
        "tp": 1648,
        "fp": 546,
        "fn": 571,
        "precision": 75.11394712853236,
        "recall": 74.26768814781433,
        "f1": 74.68842057557218
    }
}