{
    "total_samples": 416,
    "true_0": 0,
    "llm_0": 0,
    "performance": {
        "tp": 1544,
        "fp": 627,
        "fn": 675,
        "precision": 71.11929986181484,
        "recall": 69.58089229382605,
        "f1": 70.34168564920274
    },
    "relaxed_performance": {
        "tp": 1660,
        "fp": 542,
        "fn": 559,
        "precision": 75.386012715713,
        "recall": 74.80847228481298,
        "f1": 75.09613209681069
    }
}