{
    "total_samples": 416,
    "true_0": 0,
    "llm_0": 0,
    "performance": {
        "tp": 1531,
        "fp": 621,
        "fn": 688,
        "precision": 71.14312267657992,
        "recall": 68.99504281207751,
        "f1": 70.0526195378632
    },
    "relaxed_performance": {
        "tp": 1642,
        "fp": 539,
        "fn": 577,
        "precision": 75.28656579550665,
        "recall": 73.997296079315,
        "f1": 74.63636363636364
    }
}