{
    "total_samples": 431,
    "true_0": 1,
    "llm_0": 3,
    "performance": {
        "tp": 1306,
        "fp": 653,
        "fn": 483,
        "precision": 66.66666666666667,
        "recall": 73.00167691447736,
        "f1": 69.69050160085378
    },
    "relaxed_performance": {
        "tp": 1410,
        "fp": 588,
        "fn": 379,
        "precision": 70.57057057057057,
        "recall": 78.81498043599777,
        "f1": 74.46527594401901
    }
}