{
    "total_samples": 431,
    "true_0": 1,
    "llm_0": 0,
    "performance": {
        "tp": 1175,
        "fp": 627,
        "fn": 614,
        "precision": 65.20532741398446,
        "recall": 65.67915036333147,
        "f1": 65.44138123085492
    },
    "relaxed_performance": {
        "tp": 1342,
        "fp": 527,
        "fn": 447,
        "precision": 71.80310326377742,
        "recall": 75.01397428731134,
        "f1": 73.37342810278841
    }
}