{
    "total_samples": 431,
    "true_0": 1,
    "llm_0": 11,
    "performance": {
        "tp": 1239,
        "fp": 669,
        "fn": 550,
        "precision": 64.937106918239,
        "recall": 69.25656791503633,
        "f1": 67.02731944820123
    },
    "relaxed_performance": {
        "tp": 1331,
        "fp": 611,
        "fn": 458,
        "precision": 68.53759011328528,
        "recall": 74.39910564561207,
        "f1": 71.34816403109086
    }
}