{
    "total_samples": 431,
    "true_0": 1,
    "llm_0": 8,
    "performance": {
        "tp": 1275,
        "fp": 534,
        "fn": 514,
        "precision": 70.48092868988391,
        "recall": 71.26886528787031,
        "f1": 70.87270705947748
    },
    "relaxed_performance": {
        "tp": 1382,
        "fp": 468,
        "fn": 407,
        "precision": 74.70270270270271,
        "recall": 77.24986025712688,
        "f1": 75.95493267381148
    }
}