{
    "total_samples": 431,
    "true_0": 1,
    "llm_0": 22,
    "performance": {
        "tp": 1192,
        "fp": 599,
        "fn": 597,
        "precision": 66.55499720826354,
        "recall": 66.62940190050307,
        "f1": 66.59217877094972
    },
    "relaxed_performance": {
        "tp": 1290,
        "fp": 536,
        "fn": 499,
        "precision": 70.6462212486309,
        "recall": 72.10732252655114,
        "f1": 71.36929460580913
    }
}