{
    "total_samples": 431,
    "true_0": 1,
    "llm_0": 7,
    "performance": {
        "tp": 1295,
        "fp": 593,
        "fn": 494,
        "precision": 68.59110169491525,
        "recall": 72.38680827277808,
        "f1": 70.43785694859939
    },
    "relaxed_performance": {
        "tp": 1399,
        "fp": 528,
        "fn": 390,
        "precision": 72.59989621172808,
        "recall": 78.2001117942985,
        "f1": 75.29601722282024
    }
}