{
    "total_samples": 431,
    "true_0": 1,
    "llm_0": 8,
    "performance": {
        "tp": 1208,
        "fp": 473,
        "fn": 581,
        "precision": 71.86198691255206,
        "recall": 67.5237562884293,
        "f1": 69.62536023054754
    },
    "relaxed_performance": {
        "tp": 1307,
        "fp": 414,
        "fn": 482,
        "precision": 75.94421847762929,
        "recall": 73.05757406372275,
        "f1": 74.47293447293447
    }
}