{
    "total_samples": 431,
    "true_0": 1,
    "llm_0": 7,
    "performance": {
        "tp": 1257,
        "fp": 582,
        "fn": 532,
        "precision": 68.35236541598695,
        "recall": 70.26271660145332,
        "f1": 69.29437706725469
    },
    "relaxed_performance": {
        "tp": 1369,
        "fp": 512,
        "fn": 420,
        "precision": 72.78043593833067,
        "recall": 76.52319731693683,
        "f1": 74.60490463215258
    }
}