{
    "total_samples": 431,
    "true_0": 1,
    "llm_0": 21,
    "performance": {
        "tp": 1157,
        "fp": 559,
        "fn": 632,
        "precision": 67.42424242424242,
        "recall": 64.67300167691448,
        "f1": 66.01997146932953
    },
    "relaxed_performance": {
        "tp": 1243,
        "fp": 508,
        "fn": 546,
        "precision": 70.98800685322672,
        "recall": 69.48015651201789,
        "f1": 70.22598870056497
    }
}