{
    "total_samples": 431,
    "true_0": 1,
    "llm_0": 8,
    "performance": {
        "tp": 1275,
        "fp": 661,
        "fn": 514,
        "precision": 65.85743801652893,
        "recall": 71.26886528787031,
        "f1": 68.45637583892618
    },
    "relaxed_performance": {
        "tp": 1361,
        "fp": 609,
        "fn": 428,
        "precision": 69.08629441624366,
        "recall": 76.07602012297373,
        "f1": 72.41287576483107
    }
}