{
    "total_samples": 431,
    "true_0": 1,
    "llm_0": 80,
    "performance": {
        "tp": 927,
        "fp": 434,
        "fn": 862,
        "precision": 68.11168258633357,
        "recall": 51.816657350475126,
        "f1": 58.857142857142854
    },
    "relaxed_performance": {
        "tp": 1016,
        "fp": 384,
        "fn": 773,
        "precision": 72.57142857142857,
        "recall": 56.791503633314704,
        "f1": 63.71903417999373
    }
}