{
    "total_samples": 431,
    "true_0": 1,
    "llm_0": 190,
    "performance": {
        "tp": 593,
        "fp": 206,
        "fn": 1196,
        "precision": 74.2177722152691,
        "recall": 33.147009502515374,
        "f1": 45.826893353941266
    },
    "relaxed_performance": {
        "tp": 670,
        "fp": 158,
        "fn": 1119,
        "precision": 80.91787439613526,
        "recall": 37.45108999441028,
        "f1": 51.20366832250668
    }
}