{
    "total_samples": 431,
    "true_0": 1,
    "llm_0": 123,
    "performance": {
        "tp": 815,
        "fp": 328,
        "fn": 974,
        "precision": 71.30358705161855,
        "recall": 45.556176634991616,
        "f1": 55.593451568894956
    },
    "relaxed_performance": {
        "tp": 903,
        "fp": 280,
        "fn": 886,
        "precision": 76.33136094674556,
        "recall": 50.475125768585805,
        "f1": 60.7671601615074
    }
}