{
    "total_samples": 431,
    "true_0": 1,
    "llm_0": 75,
    "performance": {
        "tp": 953,
        "fp": 332,
        "fn": 836,
        "precision": 74.16342412451363,
        "recall": 53.269983230855225,
        "f1": 62.0039037085231
    },
    "relaxed_performance": {
        "tp": 1039,
        "fp": 279,
        "fn": 750,
        "precision": 78.83156297420334,
        "recall": 58.077138065958636,
        "f1": 66.88123591889281
    }
}