{
    "total_samples": 431,
    "true_0": 1,
    "llm_0": 105,
    "performance": {
        "tp": 756,
        "fp": 393,
        "fn": 1033,
        "precision": 65.79634464751958,
        "recall": 42.25824482951369,
        "f1": 51.46358066712049
    },
    "relaxed_performance": {
        "tp": 868,
        "fp": 327,
        "fn": 921,
        "precision": 72.63598326359832,
        "recall": 48.5187255449972,
        "f1": 58.17694369973189
    }
}