{
    "total_samples": 431,
    "true_0": 1,
    "llm_0": 5,
    "performance": {
        "tp": 1311,
        "fp": 567,
        "fn": 478,
        "precision": 69.80830670926518,
        "recall": 73.28116266070431,
        "f1": 71.50259067357514
    },
    "relaxed_performance": {
        "tp": 1413,
        "fp": 505,
        "fn": 376,
        "precision": 73.67049009384776,
        "recall": 78.98267188373393,
        "f1": 76.23415160507149
    }
}