{
    "total_samples": 431,
    "true_0": 1,
    "llm_0": 5,
    "performance": {
        "tp": 1313,
        "fp": 582,
        "fn": 476,
        "precision": 69.28759894459102,
        "recall": 73.39295695919508,
        "f1": 71.28121606948967
    },
    "relaxed_performance": {
        "tp": 1416,
        "fp": 519,
        "fn": 373,
        "precision": 73.17829457364341,
        "recall": 79.15036333147009,
        "f1": 76.04726100966701
    }
}