{
    "total_samples": 431,
    "true_0": 1,
    "llm_0": 5,
    "performance": {
        "tp": 1311,
        "fp": 586,
        "fn": 478,
        "precision": 69.1091196626252,
        "recall": 73.28116266070431,
        "f1": 71.1340206185567
    },
    "relaxed_performance": {
        "tp": 1414,
        "fp": 523,
        "fn": 375,
        "precision": 72.99948373773877,
        "recall": 79.03856903297932,
        "f1": 75.8990874932904
    }
}