{
    "total_samples": 431,
    "true_0": 1,
    "llm_0": 5,
    "performance": {
        "tp": 1304,
        "fp": 574,
        "fn": 485,
        "precision": 69.43556975505857,
        "recall": 72.88988261598658,
        "f1": 71.1208071993455
    },
    "relaxed_performance": {
        "tp": 1413,
        "fp": 505,
        "fn": 376,
        "precision": 73.67049009384776,
        "recall": 78.98267188373393,
        "f1": 76.23415160507149
    }
}