{
    "total_samples": 431,
    "true_0": 1,
    "llm_0": 5,
    "performance": {
        "tp": 1311,
        "fp": 563,
        "fn": 478,
        "precision": 69.95731056563501,
        "recall": 73.28116266070431,
        "f1": 71.58067158067159
    },
    "relaxed_performance": {
        "tp": 1413,
        "fp": 501,
        "fn": 376,
        "precision": 73.82445141065831,
        "recall": 78.98267188373393,
        "f1": 76.31650013502566
    }
}