{
    "total_samples": 431,
    "true_0": 1,
    "llm_0": 5,
    "performance": {
        "tp": 1312,
        "fp": 568,
        "fn": 477,
        "precision": 69.7872340425532,
        "recall": 73.3370598099497,
        "f1": 71.51812482965387
    },
    "relaxed_performance": {
        "tp": 1414,
        "fp": 506,
        "fn": 375,
        "precision": 73.64583333333333,
        "recall": 79.03856903297932,
        "f1": 76.24696683742248
    }
}