{
    "total_samples": 431,
    "true_0": 1,
    "llm_0": 5,
    "performance": {
        "tp": 1302,
        "fp": 576,
        "fn": 487,
        "precision": 69.32907348242811,
        "recall": 72.7780883174958,
        "f1": 71.01172620670847
    },
    "relaxed_performance": {
        "tp": 1413,
        "fp": 505,
        "fn": 376,
        "precision": 73.67049009384776,
        "recall": 78.98267188373393,
        "f1": 76.23415160507149
    }
}