{
    "total_samples": 650,
    "true_0": 0,
    "llm_0": 0,
    "performance": {
        "tp": 3249,
        "fp": 799,
        "fn": 886,
        "precision": 80.26185770750988,
        "recall": 78.57315598548972,
        "f1": 79.40852987901746
    },
    "relaxed_performance": {
        "tp": 3400,
        "fp": 733,
        "fn": 735,
        "precision": 82.26469876602953,
        "recall": 82.22490931076179,
        "f1": 82.2447992259313
    }
}