{
    "total_samples": 649,
    "true_0": 0,
    "llm_0": 0,
    "performance": {
        "tp": 3009,
        "fp": 748,
        "fn": 1123,
        "precision": 80.09049773755656,
        "recall": 72.82187802516941,
        "f1": 76.28343262770947
    },
    "relaxed_performance": {
        "tp": 3291,
        "fp": 612,
        "fn": 841,
        "precision": 84.31975403535742,
        "recall": 79.64666021297192,
        "f1": 81.91661481020536
    }
}