{
    "total_samples": 648,
    "true_0": 0,
    "llm_0": 1,
    "performance": {
        "tp": 3277,
        "fp": 691,
        "fn": 844,
        "precision": 82.58568548387096,
        "recall": 79.51953409366659,
        "f1": 81.02361231301768
    },
    "relaxed_performance": {
        "tp": 3406,
        "fp": 635,
        "fn": 715,
        "precision": 84.28606780499877,
        "recall": 82.64984227129338,
        "f1": 83.45993629012497
    }
}