{
    "total_samples": 648,
    "true_0": 0,
    "llm_0": 8,
    "performance": {
        "tp": 3165,
        "fp": 816,
        "fn": 956,
        "precision": 79.50263752825923,
        "recall": 76.80174714875031,
        "f1": 78.12885707232783
    },
    "relaxed_performance": {
        "tp": 3341,
        "fp": 721,
        "fn": 780,
        "precision": 82.25012309207287,
        "recall": 81.07255520504732,
        "f1": 81.65709397531467
    }
}