{
    "total_samples": 648,
    "true_0": 0,
    "llm_0": 0,
    "performance": {
        "tp": 3311,
        "fp": 763,
        "fn": 810,
        "precision": 81.27147766323024,
        "recall": 80.3445765590876,
        "f1": 80.80536912751678
    },
    "relaxed_performance": {
        "tp": 3442,
        "fp": 704,
        "fn": 679,
        "precision": 83.01977809937289,
        "recall": 83.52341664644504,
        "f1": 83.27083585339301
    }
}