{
    "total_samples": 649,
    "true_0": 0,
    "llm_0": 2,
    "performance": {
        "tp": 3330,
        "fp": 712,
        "fn": 801,
        "precision": 82.38495794161307,
        "recall": 80.61002178649237,
        "f1": 81.48782576777194
    },
    "relaxed_performance": {
        "tp": 3465,
        "fp": 655,
        "fn": 666,
        "precision": 84.10194174757281,
        "recall": 83.87799564270152,
        "f1": 83.98981941582838
    }
}