{
    "total_samples": 648,
    "true_0": 0,
    "llm_0": 4,
    "performance": {
        "tp": 3291,
        "fp": 711,
        "fn": 830,
        "precision": 82.23388305847077,
        "recall": 79.85925746178113,
        "f1": 81.02917641265543
    },
    "relaxed_performance": {
        "tp": 3423,
        "fp": 648,
        "fn": 698,
        "precision": 84.0825350036846,
        "recall": 83.06236350400388,
        "f1": 83.5693359375
    }
}