{
    "total_samples": 648,
    "true_0": 0,
    "llm_0": 12,
    "performance": {
        "tp": 3046,
        "fp": 748,
        "fn": 1075,
        "precision": 80.28465998945704,
        "recall": 73.91409851977676,
        "f1": 76.96778269109285
    },
    "relaxed_performance": {
        "tp": 3229,
        "fp": 639,
        "fn": 892,
        "precision": 83.47983453981385,
        "recall": 78.35476826013104,
        "f1": 80.83614970584553
    }
}