{
    "total_samples": 648,
    "true_0": 0,
    "llm_0": 4,
    "performance": {
        "tp": 3240,
        "fp": 660,
        "fn": 881,
        "precision": 83.07692307692308,
        "recall": 78.6216937636496,
        "f1": 80.78793167934172
    },
    "relaxed_performance": {
        "tp": 3372,
        "fp": 604,
        "fn": 749,
        "precision": 84.80885311871228,
        "recall": 81.82479980587236,
        "f1": 83.29010744720267
    }
}