{
    "total_samples": 648,
    "true_0": 0,
    "llm_0": 3,
    "performance": {
        "tp": 3168,
        "fp": 632,
        "fn": 953,
        "precision": 83.36842105263158,
        "recall": 76.87454501334628,
        "f1": 79.98990026511804
    },
    "relaxed_performance": {
        "tp": 3308,
        "fp": 567,
        "fn": 813,
        "precision": 85.36774193548388,
        "recall": 80.27177869449163,
        "f1": 82.74137068534269
    }
}