{
    "total_samples": 649,
    "true_0": 0,
    "llm_0": 2,
    "performance": {
        "tp": 3276,
        "fp": 697,
        "fn": 855,
        "precision": 82.45658192801409,
        "recall": 79.30283224400871,
        "f1": 80.84896347482726
    },
    "relaxed_performance": {
        "tp": 3408,
        "fp": 642,
        "fn": 723,
        "precision": 84.14814814814815,
        "recall": 82.49818445896878,
        "f1": 83.31499816648332
    }
}