{
    "total_samples": 648,
    "true_0": 0,
    "llm_0": 13,
    "performance": {
        "tp": 2789,
        "fp": 981,
        "fn": 1332,
        "precision": 73.9787798408488,
        "recall": 67.6777481193885,
        "f1": 70.6881257128374
    },
    "relaxed_performance": {
        "tp": 3136,
        "fp": 774,
        "fn": 985,
        "precision": 80.20460358056266,
        "recall": 76.09803445765591,
        "f1": 78.09737268086167
    }
}