{
    "total_samples": 649,
    "true_0": 0,
    "llm_0": 5,
    "performance": {
        "tp": 2984,
        "fp": 971,
        "fn": 1147,
        "precision": 75.448798988622,
        "recall": 72.23432582909707,
        "f1": 73.80657927281722
    },
    "relaxed_performance": {
        "tp": 3286,
        "fp": 778,
        "fn": 845,
        "precision": 80.85629921259843,
        "recall": 79.54490438150569,
        "f1": 80.19524100061014
    }
}