{
    "total_samples": 649,
    "true_0": 0,
    "llm_0": 13,
    "performance": {
        "tp": 2831,
        "fp": 891,
        "fn": 1300,
        "precision": 76.0612573885008,
        "recall": 68.53062212539336,
        "f1": 72.09983445816884
    },
    "relaxed_performance": {
        "tp": 3154,
        "fp": 702,
        "fn": 977,
        "precision": 81.79460580912863,
        "recall": 76.34955216654564,
        "f1": 78.97833980217854
    }
}