{
    "total_samples": 649,
    "true_0": 0,
    "llm_0": 3,
    "performance": {
        "tp": 2999,
        "fp": 913,
        "fn": 1132,
        "precision": 76.66155419222903,
        "recall": 72.59743403534253,
        "f1": 74.57416386920303
    },
    "relaxed_performance": {
        "tp": 3302,
        "fp": 730,
        "fn": 829,
        "precision": 81.89484126984127,
        "recall": 79.93221980150085,
        "f1": 80.90162930295234
    }
}