{
    "total_samples": 649,
    "true_0": 0,
    "llm_0": 12,
    "performance": {
        "tp": 2955,
        "fp": 681,
        "fn": 1174,
        "precision": 81.27062706270627,
        "recall": 71.56696536691693,
        "f1": 76.11075338055376
    },
    "relaxed_performance": {
        "tp": 3190,
        "fp": 543,
        "fn": 939,
        "precision": 85.45405839807125,
        "recall": 77.25841608137564,
        "f1": 81.14983464767236
    }
}