{
    "total_samples": 648,
    "true_0": 0,
    "llm_0": 1,
    "performance": {
        "tp": 3280,
        "fp": 740,
        "fn": 841,
        "precision": 81.59203980099502,
        "recall": 79.59233195826256,
        "f1": 80.57978135364205
    },
    "relaxed_performance": {
        "tp": 3408,
        "fp": 685,
        "fn": 713,
        "precision": 83.26410945516736,
        "recall": 82.69837418102402,
        "f1": 82.98027757487216
    }
}