{
    "total_samples": 648,
    "true_0": 0,
    "llm_0": 1,
    "performance": {
        "tp": 3268,
        "fp": 742,
        "fn": 853,
        "precision": 81.49625935162095,
        "recall": 79.30114049987867,
        "f1": 80.38371664001968
    },
    "relaxed_performance": {
        "tp": 3397,
        "fp": 686,
        "fn": 724,
        "precision": 83.19862845946608,
        "recall": 82.43144867750546,
        "f1": 82.81326182350074
    }
}