{
    "total_samples": 648,
    "true_0": 0,
    "llm_0": 3,
    "performance": {
        "tp": 3250,
        "fp": 751,
        "fn": 871,
        "precision": 81.22969257685578,
        "recall": 78.86435331230284,
        "f1": 80.02954937207583
    },
    "relaxed_performance": {
        "tp": 3391,
        "fp": 686,
        "fn": 730,
        "precision": 83.1739023792004,
        "recall": 82.28585294831352,
        "f1": 82.72749451085632
    }
}