{
    "total_samples": 648,
    "true_0": 0,
    "llm_0": 2,
    "performance": {
        "tp": 3270,
        "fp": 747,
        "fn": 851,
        "precision": 81.40403286034353,
        "recall": 79.34967240960931,
        "f1": 80.36372573113788
    },
    "relaxed_performance": {
        "tp": 3399,
        "fp": 691,
        "fn": 722,
        "precision": 83.10513447432763,
        "recall": 82.47998058723611,
        "f1": 82.79137742053344
    }
}