{
    "total_samples": 648,
    "true_0": 0,
    "llm_0": 2,
    "performance": {
        "tp": 3268,
        "fp": 737,
        "fn": 853,
        "precision": 81.5980024968789,
        "recall": 79.30114049987867,
        "f1": 80.43317745508246
    },
    "relaxed_performance": {
        "tp": 3396,
        "fp": 682,
        "fn": 725,
        "precision": 83.27611574301127,
        "recall": 82.40718272264013,
        "f1": 82.83937065495792
    }
}