{
    "total_samples": 648,
    "true_0": 0,
    "llm_0": 3,
    "performance": {
        "tp": 3248,
        "fp": 753,
        "fn": 873,
        "precision": 81.17970507373157,
        "recall": 78.8158214025722,
        "f1": 79.98030041861611
    },
    "relaxed_performance": {
        "tp": 3391,
        "fp": 689,
        "fn": 730,
        "precision": 83.11274509803921,
        "recall": 82.28585294831352,
        "f1": 82.69723204487258
    }
}