{
    "total_samples": 648,
    "true_0": 0,
    "llm_0": 3,
    "performance": {
        "tp": 3263,
        "fp": 735,
        "fn": 858,
        "precision": 81.61580790395197,
        "recall": 79.17981072555204,
        "f1": 80.3793570636778
    },
    "relaxed_performance": {
        "tp": 3391,
        "fp": 680,
        "fn": 730,
        "precision": 83.29648734954557,
        "recall": 82.28585294831352,
        "f1": 82.7880859375
    }
}