{
    "total_samples": 465,
    "true_0": 0,
    "llm_0": 0,
    "performance": {
        "tp": 2437,
        "fp": 605,
        "fn": 858,
        "precision": 80.11176857330703,
        "recall": 73.96054628224583,
        "f1": 76.91336594603123
    },
    "relaxed_performance": {
        "tp": 2658,
        "fp": 469,
        "fn": 637,
        "precision": 85.00159897665495,
        "recall": 80.66767830045524,
        "f1": 82.77795079414513
    }
}