{
    "total_samples": 465,
    "true_0": 0,
    "llm_0": 0,
    "performance": {
        "tp": 2639,
        "fp": 557,
        "fn": 656,
        "precision": 82.57196495619525,
        "recall": 80.09104704097116,
        "f1": 81.31258665845016
    },
    "relaxed_performance": {
        "tp": 2817,
        "fp": 452,
        "fn": 478,
        "precision": 86.17314163352707,
        "recall": 85.49317147192716,
        "f1": 85.83180987202924
    }
}