{
    "total_samples": 465,
    "true_0": 0,
    "llm_0": 3,
    "performance": {
        "tp": 2519,
        "fp": 487,
        "fn": 776,
        "precision": 83.79906852960745,
        "recall": 76.44916540212444,
        "f1": 79.95556260910968
    },
    "relaxed_performance": {
        "tp": 2675,
        "fp": 402,
        "fn": 620,
        "precision": 86.93532661683457,
        "recall": 81.18361153262519,
        "f1": 83.96107972379158
    }
}