{
    "total_samples": 465,
    "true_0": 0,
    "llm_0": 4,
    "performance": {
        "tp": 2573,
        "fp": 786,
        "fn": 722,
        "precision": 76.60017862459065,
        "recall": 78.08801213960547,
        "f1": 77.33694018635407
    },
    "relaxed_performance": {
        "tp": 2742,
        "fp": 696,
        "fn": 553,
        "precision": 79.75567190226876,
        "recall": 83.21699544764795,
        "f1": 81.4495767117184
    }
}