{
    "total_samples": 465,
    "true_0": 0,
    "llm_0": 3,
    "performance": {
        "tp": 2623,
        "fp": 474,
        "fn": 672,
        "precision": 84.69486599935422,
        "recall": 79.60546282245826,
        "f1": 82.07133917396746
    },
    "relaxed_performance": {
        "tp": 2783,
        "fp": 384,
        "fn": 512,
        "precision": 87.87496053047047,
        "recall": 84.46130500758726,
        "f1": 86.13432373878058
    }
}