{
    "total_samples": 465,
    "true_0": 0,
    "llm_0": 4,
    "performance": {
        "tp": 2582,
        "fp": 531,
        "fn": 713,
        "precision": 82.94249919691616,
        "recall": 78.36115326251897,
        "f1": 80.58676654182273
    },
    "relaxed_performance": {
        "tp": 2746,
        "fp": 433,
        "fn": 549,
        "precision": 86.37936458005662,
        "recall": 83.33839150227618,
        "f1": 84.83163422922459
    }
}