{
    "total_samples": 465,
    "true_0": 0,
    "llm_0": 3,
    "performance": {
        "tp": 2599,
        "fp": 510,
        "fn": 696,
        "precision": 83.59601157928594,
        "recall": 78.87708649468892,
        "f1": 81.16801998750779
    },
    "relaxed_performance": {
        "tp": 2764,
        "fp": 417,
        "fn": 531,
        "precision": 86.89091480666457,
        "recall": 83.88467374810318,
        "f1": 85.36133415688695
    }
}