{
    "total_samples": 465,
    "true_0": 0,
    "llm_0": 4,
    "performance": {
        "tp": 2584,
        "fp": 655,
        "fn": 711,
        "precision": 79.77770916949676,
        "recall": 78.42185128983309,
        "f1": 79.0939700030609
    },
    "relaxed_performance": {
        "tp": 2740,
        "fp": 574,
        "fn": 555,
        "precision": 82.67954133977067,
        "recall": 83.15629742033384,
        "f1": 82.91723407474656
    }
}