{
    "total_samples": 465,
    "true_0": 0,
    "llm_0": 4,
    "performance": {
        "tp": 2652,
        "fp": 487,
        "fn": 643,
        "precision": 84.4855049378783,
        "recall": 80.4855842185129,
        "f1": 82.43705315511346
    },
    "relaxed_performance": {
        "tp": 2813,
        "fp": 392,
        "fn": 482,
        "precision": 87.76911076443058,
        "recall": 85.37177541729893,
        "f1": 86.55384615384615
    }
}