{
    "total_samples": 465,
    "true_0": 0,
    "llm_0": 2,
    "performance": {
        "tp": 2597,
        "fp": 496,
        "fn": 698,
        "precision": 83.96378920142257,
        "recall": 78.81638846737481,
        "f1": 81.30870381966187
    },
    "relaxed_performance": {
        "tp": 2753,
        "fp": 414,
        "fn": 542,
        "precision": 86.92769182191348,
        "recall": 83.55083459787556,
        "f1": 85.20581863200249
    }
}