{
    "total_samples": 465,
    "true_0": 0,
    "llm_0": 21,
    "performance": {
        "tp": 2222,
        "fp": 540,
        "fn": 1073,
        "precision": 80.44895003620564,
        "recall": 67.43550834597876,
        "f1": 73.3696549446921
    },
    "relaxed_performance": {
        "tp": 2371,
        "fp": 462,
        "fn": 924,
        "precision": 83.69219908224497,
        "recall": 71.95751138088012,
        "f1": 77.38250652741515
    }
}