{
    "total_samples": 465,
    "true_0": 0,
    "llm_0": 36,
    "performance": {
        "tp": 2312,
        "fp": 427,
        "fn": 983,
        "precision": 84.41036874771815,
        "recall": 70.16691957511381,
        "f1": 76.63241630759032
    },
    "relaxed_performance": {
        "tp": 2476,
        "fp": 335,
        "fn": 819,
        "precision": 88.08253290643898,
        "recall": 75.14415781487102,
        "f1": 81.10055682934818
    }
}