{
    "total_samples": 465,
    "true_0": 0,
    "llm_0": 8,
    "performance": {
        "tp": 2404,
        "fp": 684,
        "fn": 891,
        "precision": 77.84974093264249,
        "recall": 72.95902883156297,
        "f1": 75.32508224972584
    },
    "relaxed_performance": {
        "tp": 2619,
        "fp": 554,
        "fn": 676,
        "precision": 82.54018279231012,
        "recall": 79.48406676783004,
        "f1": 80.98330241187384
    }
}