{
    "total_samples": 465,
    "true_0": 0,
    "llm_0": 38,
    "performance": {
        "tp": 2273,
        "fp": 469,
        "fn": 1022,
        "precision": 82.89569657184536,
        "recall": 68.98330804248862,
        "f1": 75.3023024681133
    },
    "relaxed_performance": {
        "tp": 2443,
        "fp": 374,
        "fn": 852,
        "precision": 86.72346467873625,
        "recall": 74.14264036418817,
        "f1": 79.9410994764398
    }
}