{
    "total_samples": 465,
    "true_0": 0,
    "llm_0": 12,
    "performance": {
        "tp": 2436,
        "fp": 529,
        "fn": 859,
        "precision": 82.15851602023609,
        "recall": 73.93019726858877,
        "f1": 77.82747603833866
    },
    "relaxed_performance": {
        "tp": 2638,
        "fp": 409,
        "fn": 657,
        "precision": 86.576960945192,
        "recall": 80.06069802731412,
        "f1": 83.19142226426995
    }
}