{
    "total_samples": 465,
    "true_0": 0,
    "llm_0": 2,
    "performance": {
        "tp": 2629,
        "fp": 508,
        "fn": 666,
        "precision": 83.80618425247052,
        "recall": 79.7875569044006,
        "f1": 81.74751243781094
    },
    "relaxed_performance": {
        "tp": 2795,
        "fp": 411,
        "fn": 500,
        "precision": 87.18028696194635,
        "recall": 84.82549317147193,
        "f1": 85.98677126595909
    }
}