{
    "total_samples": 465,
    "true_0": 0,
    "llm_0": 0,
    "performance": {
        "tp": 2648,
        "fp": 513,
        "fn": 647,
        "precision": 83.77095855741854,
        "recall": 80.36418816388468,
        "f1": 82.03221809169764
    },
    "relaxed_performance": {
        "tp": 2815,
        "fp": 415,
        "fn": 480,
        "precision": 87.15170278637771,
        "recall": 85.43247344461305,
        "f1": 86.28352490421457
    }
}