{
    "total_samples": 465,
    "true_0": 0,
    "llm_0": 0,
    "performance": {
        "tp": 2639,
        "fp": 510,
        "fn": 656,
        "precision": 83.80438234360115,
        "recall": 80.09104704097116,
        "f1": 81.9056486654252
    },
    "relaxed_performance": {
        "tp": 2806,
        "fp": 412,
        "fn": 489,
        "precision": 87.19701678060908,
        "recall": 85.15933232169955,
        "f1": 86.16612927990174
    }
}