{
    "total_samples": 465,
    "true_0": 0,
    "llm_0": 0,
    "performance": {
        "tp": 2639,
        "fp": 512,
        "fn": 656,
        "precision": 83.75119009838147,
        "recall": 80.09104704097116,
        "f1": 81.88023580515048
    },
    "relaxed_performance": {
        "tp": 2808,
        "fp": 412,
        "fn": 487,
        "precision": 87.20496894409938,
        "recall": 85.22003034901365,
        "f1": 86.20107444359171
    }
}