{
    "total_samples": 465,
    "true_0": 0,
    "llm_0": 2,
    "performance": {
        "tp": 2627,
        "fp": 510,
        "fn": 668,
        "precision": 83.74242907236213,
        "recall": 79.7268588770865,
        "f1": 81.68532338308458
    },
    "relaxed_performance": {
        "tp": 2795,
        "fp": 411,
        "fn": 500,
        "precision": 87.18028696194635,
        "recall": 84.82549317147193,
        "f1": 85.98677126595909
    }
}