{
    "total_samples": 465,
    "true_0": 0,
    "llm_0": 0,
    "performance": {
        "tp": 2641,
        "fp": 512,
        "fn": 654,
        "precision": 83.7614969869965,
        "recall": 80.15174506828528,
        "f1": 81.91687344913151
    },
    "relaxed_performance": {
        "tp": 2809,
        "fp": 413,
        "fn": 486,
        "precision": 87.18187461204221,
        "recall": 85.25037936267071,
        "f1": 86.2053091913457
    }
}