{
    "total_samples": 465,
    "true_0": 0,
    "llm_0": 2,
    "performance": {
        "tp": 2633,
        "fp": 502,
        "fn": 662,
        "precision": 83.98724082934609,
        "recall": 79.90895295902884,
        "f1": 81.8973561430793
    },
    "relaxed_performance": {
        "tp": 2796,
        "fp": 408,
        "fn": 499,
        "precision": 87.26591760299625,
        "recall": 84.85584218512898,
        "f1": 86.04400677027235
    }
}