{
    "total_samples": 600,
    "true_0": 26,
    "llm_0": 0,
    "performance": {
        "tp": 799,
        "fp": 743,
        "fn": 213,
        "precision": 51.815823605706875,
        "recall": 78.95256916996047,
        "f1": 62.56851996867659
    },
    "relaxed_performance": {
        "tp": 840,
        "fp": 706,
        "fn": 172,
        "precision": 54.33376455368693,
        "recall": 83.00395256916995,
        "f1": 65.6763096168882
    }
}