{
    "total_samples": 598,
    "true_0": 26,
    "llm_0": 7,
    "performance": {
        "tp": 814,
        "fp": 659,
        "fn": 182,
        "precision": 55.26137135098438,
        "recall": 81.72690763052209,
        "f1": 65.93762656946133
    },
    "relaxed_performance": {
        "tp": 848,
        "fp": 629,
        "fn": 148,
        "precision": 57.41367637102234,
        "recall": 85.14056224899599,
        "f1": 68.58067124949454
    }
}