{
    "total_samples": 598,
    "true_0": 26,
    "llm_0": 19,
    "performance": {
        "tp": 816,
        "fp": 551,
        "fn": 180,
        "precision": 59.692757863935626,
        "recall": 81.92771084337349,
        "f1": 69.06474820143886
    },
    "relaxed_performance": {
        "tp": 843,
        "fp": 527,
        "fn": 153,
        "precision": 61.53284671532847,
        "recall": 84.63855421686748,
        "f1": 71.25950972104818
    }
}