{
    "total_samples": 600,
    "true_0": 26,
    "llm_0": 31,
    "performance": {
        "tp": 799,
        "fp": 521,
        "fn": 213,
        "precision": 60.53030303030303,
        "recall": 78.95256916996047,
        "f1": 68.52487135506003
    },
    "relaxed_performance": {
        "tp": 825,
        "fp": 499,
        "fn": 187,
        "precision": 62.31117824773414,
        "recall": 81.52173913043478,
        "f1": 70.63356164383562
    }
}