{
    "total_samples": 600,
    "true_0": 26,
    "llm_0": 123,
    "performance": {
        "tp": 681,
        "fp": 504,
        "fn": 331,
        "precision": 57.46835443037975,
        "recall": 67.29249011857708,
        "f1": 61.99362767410105
    },
    "relaxed_performance": {
        "tp": 694,
        "fp": 494,
        "fn": 318,
        "precision": 58.417508417508415,
        "recall": 68.57707509881423,
        "f1": 63.09090909090909
    }
}