{
    "total_samples": 600,
    "true_0": 26,
    "llm_0": 27,
    "performance": {
        "tp": 816,
        "fp": 530,
        "fn": 196,
        "precision": 60.62407132243685,
        "recall": 80.63241106719367,
        "f1": 69.21119592875317
    },
    "relaxed_performance": {
        "tp": 840,
        "fp": 509,
        "fn": 172,
        "precision": 62.268346923647144,
        "recall": 83.00395256916995,
        "f1": 71.15628970775094
    }
}