{
    "total_samples": 600,
    "true_0": 26,
    "llm_0": 42,
    "performance": {
        "tp": 772,
        "fp": 510,
        "fn": 240,
        "precision": 60.21840873634945,
        "recall": 76.28458498023716,
        "f1": 67.30601569311247
    },
    "relaxed_performance": {
        "tp": 792,
        "fp": 493,
        "fn": 220,
        "precision": 61.63424124513619,
        "recall": 78.26086956521739,
        "f1": 68.95951240748803
    }
}