{
    "total_samples": 600,
    "true_0": 26,
    "llm_0": 74,
    "performance": {
        "tp": 720,
        "fp": 609,
        "fn": 292,
        "precision": 54.17607223476298,
        "recall": 71.14624505928853,
        "f1": 61.512174284493796
    },
    "relaxed_performance": {
        "tp": 739,
        "fp": 594,
        "fn": 273,
        "precision": 55.43885971492873,
        "recall": 73.02371541501977,
        "f1": 63.027718550106606
    }
}