{
    "total_samples": 598,
    "true_0": 26,
    "llm_0": 22,
    "performance": {
        "tp": 808,
        "fp": 555,
        "fn": 188,
        "precision": 59.280997798972855,
        "recall": 81.12449799196787,
        "f1": 68.50360322170411
    },
    "relaxed_performance": {
        "tp": 833,
        "fp": 533,
        "fn": 163,
        "precision": 60.980966325036604,
        "recall": 83.63453815261045,
        "f1": 70.53344623200678
    }
}