{
    "total_samples": 598,
    "true_0": 26,
    "llm_0": 45,
    "performance": {
        "tp": 762,
        "fp": 547,
        "fn": 234,
        "precision": 58.21237585943468,
        "recall": 76.50602409638554,
        "f1": 66.11713665943601
    },
    "relaxed_performance": {
        "tp": 787,
        "fp": 526,
        "fn": 209,
        "precision": 59.93907083015994,
        "recall": 79.0160642570281,
        "f1": 68.16803811173669
    }
}