{
    "total_samples": 598,
    "true_0": 26,
    "llm_0": 41,
    "performance": {
        "tp": 778,
        "fp": 557,
        "fn": 218,
        "precision": 58.27715355805243,
        "recall": 78.11244979919678,
        "f1": 66.75246675246676
    },
    "relaxed_performance": {
        "tp": 801,
        "fp": 538,
        "fn": 195,
        "precision": 59.820761762509335,
        "recall": 80.42168674698796,
        "f1": 68.60813704496788
    }
}