{
    "total_samples": 600,
    "true_0": 26,
    "llm_0": 62,
    "performance": {
        "tp": 668,
        "fp": 689,
        "fn": 344,
        "precision": 49.22623434045689,
        "recall": 66.00790513833992,
        "f1": 56.39510341916421
    },
    "relaxed_performance": {
        "tp": 705,
        "fp": 655,
        "fn": 307,
        "precision": 51.838235294117645,
        "recall": 69.66403162055336,
        "f1": 59.44350758853288
    }
}