{
    "total_samples": 598,
    "true_0": 26,
    "llm_0": 78,
    "performance": {
        "tp": 651,
        "fp": 613,
        "fn": 345,
        "precision": 51.50316455696203,
        "recall": 65.36144578313252,
        "f1": 57.61061946902655
    },
    "relaxed_performance": {
        "tp": 678,
        "fp": 589,
        "fn": 318,
        "precision": 53.51223362273086,
        "recall": 68.07228915662651,
        "f1": 59.92045956694653
    }
}