{
    "total_samples": 600,
    "true_0": 26,
    "llm_0": 51,
    "performance": {
        "tp": 678,
        "fp": 792,
        "fn": 334,
        "precision": 46.12244897959184,
        "recall": 66.99604743083005,
        "f1": 54.633360193392434
    },
    "relaxed_performance": {
        "tp": 708,
        "fp": 765,
        "fn": 304,
        "precision": 48.06517311608961,
        "recall": 69.96047430830039,
        "f1": 56.981891348088524
    }
}