{
    "total_samples": 598,
    "true_0": 26,
    "llm_0": 77,
    "performance": {
        "tp": 650,
        "fp": 607,
        "fn": 346,
        "precision": 51.710421638822595,
        "recall": 65.26104417670683,
        "f1": 57.70084332001776
    },
    "relaxed_performance": {
        "tp": 680,
        "fp": 580,
        "fn": 316,
        "precision": 53.96825396825397,
        "recall": 68.27309236947791,
        "f1": 60.283687943262414
    }
}