{
    "total_samples": 600,
    "true_0": 26,
    "llm_0": 54,
    "performance": {
        "tp": 611,
        "fp": 856,
        "fn": 401,
        "precision": 41.64962508520791,
        "recall": 60.37549407114624,
        "f1": 49.294070189592574
    },
    "relaxed_performance": {
        "tp": 650,
        "fp": 820,
        "fn": 362,
        "precision": 44.21768707482993,
        "recall": 64.2292490118577,
        "f1": 52.37711522965351
    }
}