{
    "total_samples": 600,
    "true_0": 26,
    "llm_0": 25,
    "performance": {
        "tp": 817,
        "fp": 582,
        "fn": 195,
        "precision": 58.39885632594711,
        "recall": 80.73122529644269,
        "f1": 67.77270841974284
    },
    "relaxed_performance": {
        "tp": 845,
        "fp": 558,
        "fn": 167,
        "precision": 60.22808267997149,
        "recall": 83.49802371541502,
        "f1": 69.97929606625259
    }
}