{
    "total_samples": 600,
    "true_0": 26,
    "llm_0": 27,
    "performance": {
        "tp": 815,
        "fp": 581,
        "fn": 197,
        "precision": 58.3810888252149,
        "recall": 80.53359683794466,
        "f1": 67.69102990033223
    },
    "relaxed_performance": {
        "tp": 844,
        "fp": 556,
        "fn": 168,
        "precision": 60.285714285714285,
        "recall": 83.39920948616601,
        "f1": 69.98341625207296
    }
}