{
    "total_samples": 600,
    "true_0": 26,
    "llm_0": 25,
    "performance": {
        "tp": 817,
        "fp": 586,
        "fn": 195,
        "precision": 58.23235923022096,
        "recall": 80.73122529644269,
        "f1": 67.66045548654245
    },
    "relaxed_performance": {
        "tp": 845,
        "fp": 562,
        "fn": 167,
        "precision": 60.05685856432125,
        "recall": 83.49802371541502,
        "f1": 69.86357999173212
    }
}