{
    "total_samples": 600,
    "true_0": 26,
    "llm_0": 27,
    "performance": {
        "tp": 816,
        "fp": 580,
        "fn": 196,
        "precision": 58.45272206303725,
        "recall": 80.63241106719367,
        "f1": 67.77408637873755
    },
    "relaxed_performance": {
        "tp": 844,
        "fp": 556,
        "fn": 168,
        "precision": 60.285714285714285,
        "recall": 83.39920948616601,
        "f1": 69.98341625207296
    }
}