{
    "total_samples": 600,
    "true_0": 26,
    "llm_0": 26,
    "performance": {
        "tp": 817,
        "fp": 583,
        "fn": 195,
        "precision": 58.357142857142854,
        "recall": 80.73122529644269,
        "f1": 67.74461028192371
    },
    "relaxed_performance": {
        "tp": 845,
        "fp": 559,
        "fn": 167,
        "precision": 60.18518518518518,
        "recall": 83.49802371541502,
        "f1": 69.95033112582782
    }
}