{
    "total_samples": 600,
    "true_0": 26,
    "llm_0": 27,
    "performance": {
        "tp": 811,
        "fp": 585,
        "fn": 201,
        "precision": 58.0945558739255,
        "recall": 80.13833992094861,
        "f1": 67.35880398671097
    },
    "relaxed_performance": {
        "tp": 844,
        "fp": 556,
        "fn": 168,
        "precision": 60.285714285714285,
        "recall": 83.39920948616601,
        "f1": 69.98341625207296
    }
}