{
    "total_samples": 600,
    "true_0": 26,
    "llm_0": 26,
    "performance": {
        "tp": 818,
        "fp": 583,
        "fn": 194,
        "precision": 58.38686652391149,
        "recall": 80.8300395256917,
        "f1": 67.79941980936593
    },
    "relaxed_performance": {
        "tp": 846,
        "fp": 559,
        "fn": 166,
        "precision": 60.213523131672595,
        "recall": 83.59683794466403,
        "f1": 70.00413736036408
    }
}