{
    "total_samples": 600,
    "true_0": 8,
    "llm_0": 16,
    "performance": {
        "tp": 841,
        "fp": 503,
        "fn": 274,
        "precision": 62.57440476190476,
        "recall": 75.42600896860986,
        "f1": 68.4017893452623
    },
    "relaxed_performance": {
        "tp": 889,
        "fp": 459,
        "fn": 226,
        "precision": 65.94955489614243,
        "recall": 79.73094170403587,
        "f1": 72.18838814453919
    }
}