{
    "total_samples": 600,
    "true_0": 8,
    "llm_0": 9,
    "performance": {
        "tp": 797,
        "fp": 499,
        "fn": 318,
        "precision": 61.49691358024691,
        "recall": 71.4798206278027,
        "f1": 66.11364579012857
    },
    "relaxed_performance": {
        "tp": 843,
        "fp": 455,
        "fn": 272,
        "precision": 64.94607087827427,
        "recall": 75.60538116591928,
        "f1": 69.87152921674264
    }
}