{
    "total_samples": 599,
    "true_0": 8,
    "llm_0": 51,
    "performance": {
        "tp": 810,
        "fp": 456,
        "fn": 304,
        "precision": 63.981042654028435,
        "recall": 72.71095152603232,
        "f1": 68.06722689075629
    },
    "relaxed_performance": {
        "tp": 850,
        "fp": 420,
        "fn": 264,
        "precision": 66.92913385826772,
        "recall": 76.3016157989228,
        "f1": 71.30872483221476
    }
}