{
    "total_samples": 600,
    "true_0": 8,
    "llm_0": 102,
    "performance": {
        "tp": 692,
        "fp": 482,
        "fn": 423,
        "precision": 58.94378194207837,
        "recall": 62.062780269058294,
        "f1": 60.46308431629532
    },
    "relaxed_performance": {
        "tp": 735,
        "fp": 441,
        "fn": 380,
        "precision": 62.5,
        "recall": 65.91928251121077,
        "f1": 64.16412047140986
    }
}