{
    "total_samples": 599,
    "true_0": 8,
    "llm_0": 82,
    "performance": {
        "tp": 769,
        "fp": 439,
        "fn": 345,
        "precision": 63.658940397350996,
        "recall": 69.03052064631957,
        "f1": 66.23600344530577
    },
    "relaxed_performance": {
        "tp": 800,
        "fp": 409,
        "fn": 314,
        "precision": 66.17038875103391,
        "recall": 71.8132854578097,
        "f1": 68.87645286267757
    }
}