{
    "total_samples": 600,
    "true_0": 8,
    "llm_0": 65,
    "performance": {
        "tp": 794,
        "fp": 408,
        "fn": 321,
        "precision": 66.05657237936772,
        "recall": 71.21076233183857,
        "f1": 68.53690116529997
    },
    "relaxed_performance": {
        "tp": 823,
        "fp": 383,
        "fn": 292,
        "precision": 68.24212271973467,
        "recall": 73.81165919282512,
        "f1": 70.91770788453255
    }
}