{
    "total_samples": 599,
    "true_0": 8,
    "llm_0": 52,
    "performance": {
        "tp": 789,
        "fp": 441,
        "fn": 325,
        "precision": 64.14634146341463,
        "recall": 70.82585278276481,
        "f1": 67.32081911262799
    },
    "relaxed_performance": {
        "tp": 826,
        "fp": 408,
        "fn": 288,
        "precision": 66.93679092382496,
        "recall": 74.1472172351885,
        "f1": 70.35775127768312
    }
}