{
    "total_samples": 600,
    "true_0": 8,
    "llm_0": 79,
    "performance": {
        "tp": 749,
        "fp": 400,
        "fn": 366,
        "precision": 65.18711923411662,
        "recall": 67.17488789237669,
        "f1": 66.1660777385159
    },
    "relaxed_performance": {
        "tp": 779,
        "fp": 374,
        "fn": 336,
        "precision": 67.56287944492628,
        "recall": 69.86547085201794,
        "f1": 68.69488536155202
    }
}