{
    "total_samples": 600,
    "true_0": 8,
    "llm_0": 108,
    "performance": {
        "tp": 684,
        "fp": 487,
        "fn": 431,
        "precision": 58.41161400512382,
        "recall": 61.34529147982063,
        "f1": 59.84251968503937
    },
    "relaxed_performance": {
        "tp": 733,
        "fp": 440,
        "fn": 382,
        "precision": 62.489343563512364,
        "recall": 65.73991031390135,
        "f1": 64.07342657342657
    }
}