{
    "total_samples": 600,
    "true_0": 8,
    "llm_0": 47,
    "performance": {
        "tp": 821,
        "fp": 422,
        "fn": 294,
        "precision": 66.04987932421561,
        "recall": 73.6322869955157,
        "f1": 69.63528413910093
    },
    "relaxed_performance": {
        "tp": 859,
        "fp": 387,
        "fn": 256,
        "precision": 68.9406099518459,
        "recall": 77.04035874439462,
        "f1": 72.76577721304533
    }
}