{
    "total_samples": 598,
    "true_0": 8,
    "llm_0": 71,
    "performance": {
        "tp": 789,
        "fp": 442,
        "fn": 324,
        "precision": 64.09423233143785,
        "recall": 70.88948787061994,
        "f1": 67.32081911262799
    },
    "relaxed_performance": {
        "tp": 828,
        "fp": 407,
        "fn": 285,
        "precision": 67.04453441295547,
        "recall": 74.39353099730458,
        "f1": 70.52810902896083
    }
}