{
    "total_samples": 599,
    "true_0": 8,
    "llm_0": 48,
    "performance": {
        "tp": 619,
        "fp": 585,
        "fn": 495,
        "precision": 51.411960132890364,
        "recall": 55.56552962298025,
        "f1": 53.40811044003451
    },
    "relaxed_performance": {
        "tp": 647,
        "fp": 559,
        "fn": 467,
        "precision": 53.64842454394693,
        "recall": 58.07899461400359,
        "f1": 55.775862068965516
    }
}