{
    "total_samples": 599,
    "true_0": 8,
    "llm_0": 88,
    "performance": {
        "tp": 622,
        "fp": 563,
        "fn": 492,
        "precision": 52.48945147679325,
        "recall": 55.834829443447035,
        "f1": 54.11048281861679
    },
    "relaxed_performance": {
        "tp": 659,
        "fp": 530,
        "fn": 455,
        "precision": 55.424726661059715,
        "recall": 59.156193895870736,
        "f1": 57.22970039079462
    }
}