{
    "total_samples": 599,
    "true_0": 8,
    "llm_0": 137,
    "performance": {
        "tp": 576,
        "fp": 405,
        "fn": 538,
        "precision": 58.71559633027523,
        "recall": 51.70556552962298,
        "f1": 54.988066825775654
    },
    "relaxed_performance": {
        "tp": 596,
        "fp": 386,
        "fn": 518,
        "precision": 60.69246435845214,
        "recall": 53.50089766606822,
        "f1": 56.8702290076336
    }
}