{
    "total_samples": 599,
    "true_0": 8,
    "llm_0": 169,
    "performance": {
        "tp": 584,
        "fp": 339,
        "fn": 530,
        "precision": 63.271939328277355,
        "recall": 52.423698384201074,
        "f1": 57.33922434953363
    },
    "relaxed_performance": {
        "tp": 600,
        "fp": 324,
        "fn": 514,
        "precision": 64.93506493506493,
        "recall": 53.85996409335727,
        "f1": 58.88125613346418
    }
}