{
    "total_samples": 599,
    "true_0": 8,
    "llm_0": 121,
    "performance": {
        "tp": 614,
        "fp": 490,
        "fn": 500,
        "precision": 55.61594202898551,
        "recall": 55.11669658886894,
        "f1": 55.36519386834986
    },
    "relaxed_performance": {
        "tp": 648,
        "fp": 460,
        "fn": 466,
        "precision": 58.48375451263538,
        "recall": 58.16876122082585,
        "f1": 58.325832583258325
    }
}