{
    "total_samples": 600,
    "true_0": 8,
    "llm_0": 48,
    "performance": {
        "tp": 816,
        "fp": 434,
        "fn": 299,
        "precision": 65.28,
        "recall": 73.18385650224215,
        "f1": 69.00634249471459
    },
    "relaxed_performance": {
        "tp": 854,
        "fp": 398,
        "fn": 261,
        "precision": 68.21086261980831,
        "recall": 76.59192825112108,
        "f1": 72.15885086607521
    }
}