{
    "total_samples": 600,
    "true_0": 8,
    "llm_0": 48,
    "performance": {
        "tp": 817,
        "fp": 433,
        "fn": 298,
        "precision": 65.36,
        "recall": 73.27354260089686,
        "f1": 69.0909090909091
    },
    "relaxed_performance": {
        "tp": 854,
        "fp": 398,
        "fn": 261,
        "precision": 68.21086261980831,
        "recall": 76.59192825112108,
        "f1": 72.15885086607521
    }
}