{
    "total_samples": 600,
    "true_0": 8,
    "llm_0": 41,
    "performance": {
        "tp": 822,
        "fp": 438,
        "fn": 293,
        "precision": 65.23809523809524,
        "recall": 73.72197309417041,
        "f1": 69.22105263157894
    },
    "relaxed_performance": {
        "tp": 861,
        "fp": 401,
        "fn": 254,
        "precision": 68.22503961965134,
        "recall": 77.21973094170404,
        "f1": 72.44425746739589
    }
}