{
    "total_samples": 600,
    "true_0": 8,
    "llm_0": 45,
    "performance": {
        "tp": 820,
        "fp": 435,
        "fn": 295,
        "precision": 65.33864541832669,
        "recall": 73.54260089686099,
        "f1": 69.19831223628691
    },
    "relaxed_performance": {
        "tp": 857,
        "fp": 400,
        "fn": 258,
        "precision": 68.17820206841687,
        "recall": 76.8609865470852,
        "f1": 72.25969645868466
    }
}