{
    "total_samples": 600,
    "true_0": 8,
    "llm_0": 46,
    "performance": {
        "tp": 819,
        "fp": 433,
        "fn": 296,
        "precision": 65.41533546325878,
        "recall": 73.45291479820628,
        "f1": 69.20152091254754
    },
    "relaxed_performance": {
        "tp": 856,
        "fp": 398,
        "fn": 259,
        "precision": 68.2615629984051,
        "recall": 76.7713004484305,
        "f1": 72.26677923174334
    }
}