{
    "total_samples": 600,
    "true_0": 0,
    "llm_0": 15,
    "performance": {
        "tp": 1312,
        "fp": 560,
        "fn": 305,
        "precision": 70.08547008547009,
        "recall": 81.13790970933827,
        "f1": 75.20779593006593
    },
    "relaxed_performance": {
        "tp": 1498,
        "fp": 412,
        "fn": 119,
        "precision": 78.42931937172774,
        "recall": 92.64069264069263,
        "f1": 84.94471222001701
    }
}