{
    "total_samples": 600,
    "true_0": 0,
    "llm_0": 5,
    "performance": {
        "tp": 1198,
        "fp": 547,
        "fn": 419,
        "precision": 68.65329512893983,
        "recall": 74.0878169449598,
        "f1": 71.26710291493158
    },
    "relaxed_performance": {
        "tp": 1460,
        "fp": 349,
        "fn": 157,
        "precision": 80.70757324488667,
        "recall": 90.29066171923314,
        "f1": 85.2305896088733
    }
}