{
    "total_samples": 600,
    "true_0": 0,
    "llm_0": 26,
    "performance": {
        "tp": 1304,
        "fp": 478,
        "fn": 313,
        "precision": 73.17620650953984,
        "recall": 80.64316635745207,
        "f1": 76.72844954398353
    },
    "relaxed_performance": {
        "tp": 1484,
        "fp": 328,
        "fn": 133,
        "precision": 81.89845474613686,
        "recall": 91.77489177489177,
        "f1": 86.55584718576844
    }
}