{
    "total_samples": 600,
    "true_0": 0,
    "llm_0": 24,
    "performance": {
        "tp": 1292,
        "fp": 490,
        "fn": 325,
        "precision": 72.50280583613917,
        "recall": 79.90105132962276,
        "f1": 76.02235951750515
    },
    "relaxed_performance": {
        "tp": 1488,
        "fp": 324,
        "fn": 129,
        "precision": 82.11920529801324,
        "recall": 92.02226345083488,
        "f1": 86.7891513560805
    }
}