{
    "total_samples": 599,
    "true_0": 0,
    "llm_0": 29,
    "performance": {
        "tp": 1314,
        "fp": 558,
        "fn": 302,
        "precision": 70.1923076923077,
        "recall": 81.31188118811882,
        "f1": 75.3440366972477
    },
    "relaxed_performance": {
        "tp": 1483,
        "fp": 420,
        "fn": 133,
        "precision": 77.92958486600105,
        "recall": 91.76980198019803,
        "f1": 84.28530832622904
    }
}