{
    "total_samples": 600,
    "true_0": 0,
    "llm_0": 21,
    "performance": {
        "tp": 1281,
        "fp": 487,
        "fn": 336,
        "precision": 72.45475113122171,
        "recall": 79.22077922077922,
        "f1": 75.68685376661743
    },
    "relaxed_performance": {
        "tp": 1483,
        "fp": 312,
        "fn": 134,
        "precision": 82.61838440111421,
        "recall": 91.713048855906,
        "f1": 86.92848769050411
    }
}