{
    "total_samples": 600,
    "true_0": 0,
    "llm_0": 28,
    "performance": {
        "tp": 1325,
        "fp": 546,
        "fn": 292,
        "precision": 70.81774452164618,
        "recall": 81.94186765615338,
        "f1": 75.97477064220183
    },
    "relaxed_performance": {
        "tp": 1489,
        "fp": 419,
        "fn": 128,
        "precision": 78.03983228511531,
        "recall": 92.08410636982066,
        "f1": 84.4822695035461
    }
}