{
    "total_samples": 600,
    "true_0": 0,
    "llm_0": 18,
    "performance": {
        "tp": 1266,
        "fp": 547,
        "fn": 351,
        "precision": 69.82901268615554,
        "recall": 78.29313543599258,
        "f1": 73.81924198250728
    },
    "relaxed_performance": {
        "tp": 1459,
        "fp": 398,
        "fn": 158,
        "precision": 78.56758212170168,
        "recall": 90.22881880024737,
        "f1": 83.99539435808866
    }
}