{
    "total_samples": 600,
    "true_0": 0,
    "llm_0": 23,
    "performance": {
        "tp": 1242,
        "fp": 536,
        "fn": 375,
        "precision": 69.85376827896513,
        "recall": 76.80890538033395,
        "f1": 73.16642120765832
    },
    "relaxed_performance": {
        "tp": 1439,
        "fp": 378,
        "fn": 178,
        "precision": 79.19647771051183,
        "recall": 88.99196042053185,
        "f1": 83.80896913220734
    }
}