{
    "total_samples": 600,
    "true_0": 0,
    "llm_0": 18,
    "performance": {
        "tp": 1325,
        "fp": 478,
        "fn": 292,
        "precision": 73.48863006100943,
        "recall": 81.94186765615338,
        "f1": 77.48538011695906
    },
    "relaxed_performance": {
        "tp": 1497,
        "fp": 338,
        "fn": 120,
        "precision": 81.58038147138964,
        "recall": 92.57884972170686,
        "f1": 86.73232908458864
    }
}