{
    "total_samples": 600,
    "true_0": 0,
    "llm_0": 22,
    "performance": {
        "tp": 1332,
        "fp": 483,
        "fn": 285,
        "precision": 73.38842975206612,
        "recall": 82.3747680890538,
        "f1": 77.62237762237763
    },
    "relaxed_performance": {
        "tp": 1499,
        "fp": 352,
        "fn": 118,
        "precision": 80.98325229605618,
        "recall": 92.70253555967842,
        "f1": 86.44752018454442
    }
}