{
    "total_samples": 600,
    "true_0": 0,
    "llm_0": 5,
    "performance": {
        "tp": 994,
        "fp": 897,
        "fn": 623,
        "precision": 52.56478053939714,
        "recall": 61.47186147186147,
        "f1": 56.670467502850634
    },
    "relaxed_performance": {
        "tp": 1334,
        "fp": 610,
        "fn": 283,
        "precision": 68.62139917695474,
        "recall": 82.49845392702535,
        "f1": 74.92277450154451
    }
}