{
    "total_samples": 600,
    "true_0": 0,
    "llm_0": 25,
    "performance": {
        "tp": 1080,
        "fp": 849,
        "fn": 537,
        "precision": 55.98755832037325,
        "recall": 66.79035250463822,
        "f1": 60.91370558375635
    },
    "relaxed_performance": {
        "tp": 1438,
        "fp": 534,
        "fn": 179,
        "precision": 72.920892494929,
        "recall": 88.93011750154608,
        "f1": 80.13374198941209
    }
}