{
    "total_samples": 600,
    "true_0": 0,
    "llm_0": 6,
    "performance": {
        "tp": 952,
        "fp": 906,
        "fn": 665,
        "precision": 51.23789020452099,
        "recall": 58.874458874458874,
        "f1": 54.79136690647481
    },
    "relaxed_performance": {
        "tp": 1277,
        "fp": 624,
        "fn": 340,
        "precision": 67.17517096265124,
        "recall": 78.97340754483612,
        "f1": 72.59806708357023
    }
}