{
    "total_samples": 600,
    "true_0": 0,
    "llm_0": 28,
    "performance": {
        "tp": 1133,
        "fp": 560,
        "fn": 484,
        "precision": 66.92262256349674,
        "recall": 70.06802721088435,
        "f1": 68.45921450151056
    },
    "relaxed_performance": {
        "tp": 1421,
        "fp": 312,
        "fn": 196,
        "precision": 81.99653779572995,
        "recall": 87.87878787878788,
        "f1": 84.83582089552239
    }
}