{
    "total_samples": 600,
    "true_0": 0,
    "llm_0": 5,
    "performance": {
        "tp": 1008,
        "fp": 906,
        "fn": 609,
        "precision": 52.66457680250784,
        "recall": 62.33766233766234,
        "f1": 57.09430756159728
    },
    "relaxed_performance": {
        "tp": 1311,
        "fp": 649,
        "fn": 306,
        "precision": 66.88775510204081,
        "recall": 81.0760667903525,
        "f1": 73.30164942689404
    }
}