{
    "total_samples": 600,
    "true_0": 0,
    "llm_0": 25,
    "performance": {
        "tp": 1326,
        "fp": 460,
        "fn": 291,
        "precision": 74.2441209406495,
        "recall": 82.00371057513915,
        "f1": 77.93123714369673
    },
    "relaxed_performance": {
        "tp": 1491,
        "fp": 331,
        "fn": 126,
        "precision": 81.83315038419319,
        "recall": 92.20779220779221,
        "f1": 86.7112532712998
    }
}