{
    "total_samples": 600,
    "true_0": 0,
    "llm_0": 25,
    "performance": {
        "tp": 1325,
        "fp": 482,
        "fn": 292,
        "precision": 73.32595462091865,
        "recall": 81.94186765615338,
        "f1": 77.39485981308412
    },
    "relaxed_performance": {
        "tp": 1489,
        "fp": 354,
        "fn": 128,
        "precision": 80.7921866521975,
        "recall": 92.08410636982066,
        "f1": 86.06936416184972
    }
}