{
    "total_samples": 600,
    "true_0": 0,
    "llm_0": 24,
    "performance": {
        "tp": 1329,
        "fp": 473,
        "fn": 288,
        "precision": 73.75138734739178,
        "recall": 82.18923933209648,
        "f1": 77.74202983328458
    },
    "relaxed_performance": {
        "tp": 1495,
        "fp": 343,
        "fn": 122,
        "precision": 81.33841131664853,
        "recall": 92.45516388373531,
        "f1": 86.5412445730825
    }
}