{
    "total_samples": 600,
    "true_0": 0,
    "llm_0": 31,
    "performance": {
        "tp": 1308,
        "fp": 476,
        "fn": 309,
        "precision": 73.31838565022422,
        "recall": 80.89053803339517,
        "f1": 76.91855336665687
    },
    "relaxed_performance": {
        "tp": 1479,
        "fp": 341,
        "fn": 138,
        "precision": 81.26373626373626,
        "recall": 91.4656771799629,
        "f1": 86.06342740762292
    }
}