{
    "total_samples": 600,
    "true_0": 0,
    "llm_0": 31,
    "performance": {
        "tp": 1307,
        "fp": 477,
        "fn": 310,
        "precision": 73.26233183856502,
        "recall": 80.8286951144094,
        "f1": 76.85974713319612
    },
    "relaxed_performance": {
        "tp": 1478,
        "fp": 342,
        "fn": 139,
        "precision": 81.20879120879121,
        "recall": 91.40383426097712,
        "f1": 86.00523712540006
    }
}