{
    "total_samples": 600,
    "true_0": 0,
    "llm_0": 25,
    "performance": {
        "tp": 1325,
        "fp": 483,
        "fn": 292,
        "precision": 73.28539823008849,
        "recall": 81.94186765615338,
        "f1": 77.37226277372264
    },
    "relaxed_performance": {
        "tp": 1491,
        "fp": 353,
        "fn": 126,
        "precision": 80.85683297180043,
        "recall": 92.20779220779221,
        "f1": 86.16006934412019
    }
}