{
    "total_samples": 600,
    "true_0": 0,
    "llm_0": 31,
    "performance": {
        "tp": 1314,
        "fp": 454,
        "fn": 303,
        "precision": 74.32126696832579,
        "recall": 81.26159554730984,
        "f1": 77.63663220088627
    },
    "relaxed_performance": {
        "tp": 1479,
        "fp": 325,
        "fn": 138,
        "precision": 81.98447893569845,
        "recall": 91.4656771799629,
        "f1": 86.46594562993276
    }
}